f0,f1,f2,f3,f4
0.07630828937395717,0.7799187922401146,0.4384092314408935,0.7234651778309412,0.9779895119966027
0.5384958704104337,0.5011204636599379,0.07205113335976154,0.26843898010187117,0.49988250082555996
0.6792299961209405,0.8037390361043755,0.3809411331485384,0.06593634690590511,0.28814559930799355
0.9095935277196137,0.2133853535799155,0.4521239618176831,0.9312060196890217,0.024899227550348013
0.6005489174641225,0.9501295004136456,0.2303028790209648,0.5484899192360304,0.9091283748867313
0.13316944575925016,0.5234125806737658,0.7504098591020348,0.6690132408839138,0.4677528597449807
0.20484909029779508,0.49076588909107044,0.372384689385059,0.4774011548515884,0.36589038578059296
0.8379179943092606,0.7686475065195093,0.31399467721266217,0.572625332643954,0.2760490483306951
0.4528429325464004,0.3529783659443947,0.6573994627797582,0.3703510829880352,0.45909297789143144
0.7193241225090415,0.4129918291138346,0.9064232691643387,0.1804516192026816,0.7411188729132643
0.42237404364314035,0.42645357268494233,0.6343798686338388,0.5229062010283453,0.4148859784394432
0.0014268805627581926,0.09226234584675208,0.7093943937252127,0.5243455967651972,0.6961604635169689
0.955468323002926,0.6829138543754175,0.05312869067295756,0.30885268486379713,0.592594687323373
0.2351204072574643,0.9649709995361269,0.9450482237927939,0.8484008808376887,0.47232399628840227
0.8414767148983973,0.13111064234791392,0.3087336572978354,0.46299639415441707,0.7418472006834668
0.48582522870889666,0.13687611879745087,0.34353652970435833,0.324426169672443,0.30041890431803975
0.16550140046578743,0.414901772573252,0.44812065750272334,0.7749003758140172,0.7963907007825485
0.5223901280016119,0.4606302961632769,0.7782136015438966,0.8872889518527348,0.6749187698667877
0.8004790489984636,0.9391113537321853,0.040655809436685786,0.8756717248700833,0.2765630724511342
0.47576449942424426,0.7967609569319023,0.71724223227523,0.14714757194169303,0.6587482589541455
0.06925207000983546,0.35707062835287895,0.8128295501637063,0.4277048330275506,0.5998544375434464
0.7281612831471338,0.8212276083065595,0.7605151199802831,0.0071432752789984955,0.4202568336725351
0.4631362180381473,0.05549950311272267,0.5414421320952196,0.6077707514438672,0.8284531949961254
0.9418092681914485,0.12814785400273287,0.23043067441021947,0.6591583970705609,0.13247398881674854
0.22407863694631935,0.5748625875891491,0.16952372356620915,0.7822301513237783,0.8569756261117601
0.03367420450284819,0.5326448049436736,0.7969513574435644,0.9751396811571157,0.27425859319442125
0.16910106336538333,0.8767009301816353,0.9091824637608487,0.19753288946715686,0.4415297427026398
0.7192321416923365,0.8453451587639734,0.16827530536724433,0.664968962904761,0.8078354592960695
0.5497141208007275,0.16471665877901287,0.03552880483036336,0.28153381784849374,0.8078708464535516
0.044766260845139016,0.008216505039312039,0.36161664771205726,0.06362228569855188,0.1494863033242304
0.023190368099362146,0.5247198367686319,0.6966959021894129,0.42705349301372764,0.13457045864468764
0.33135721096240567,0.5903458543063351,0.9406613933963881,0.9925577191726402,0.2416029166538498
0.010579906938345762,0.8306403259938047,0.9266129377700566,0.45860347976796934,0.7714423445636822
0.8661990340843911,0.6096147983345592,0.8726271831441871,0.023903026142330863,0.27159522025956384
0.27721958269429525,0.12063242830615817,0.9107134542882382,0.030439266665623133,0.6725610295221127
0.0713396872572073,0.36078049378522115,0.4180995426775659,0.18140428905736694,0.5210141032821763
0.5349917609279157,0.31704388193619615,0.7370880595522907,0.1602024106191695,0.19250821895985537
0.35451101804560603,0.3783761334314193,0.20628585650065434,0.9187092051422681,0.8280935695469476
0.1068767442566414,0.369485915660384,0.23267109563197375,0.4510786029505425,0.2763171862107934
0.5018068911184235,0.9226031530779568,0.3825111389298338,0.6501283286286327,0.5956211130203741
0.7519535611422076,0.06166533016986864,0.7448236736818096,0.9462759271724278,0.6035595516954865
0.28757994211990023,0.6723692184292864,0.7120487867813948,0.656450286538602,0.14693031569354353
0.9734755682697008,0.9553834518208789,0.4246255327956413,0.5936373294088721,0.039628573866894334
0.9886343345619386,0.8187449926232988,0.6365023424296673,0.7610847442216859,0.18802992858258616
0.30765459009285157,0.24639364428572086,0.5960491201251504,0.09190485216377231,0.895609985214942
0.46227594213072765,0.4448123649543787,0.10471130357324376,0.6849040370601138,0.8168939943424481
0.6295501714623319,0.24202260746413284,0.7854207215855097,0.14567943338343392,0.8272763289795971
0.5807053706118858,0.2893728115784362,0.513243399843739,0.628851403064647,0.2585894985926458
0.846906560459974,0.42125370859927336,0.8923374572552321,0.8354685611475348,0.09934751415963061
0.6462541094487922,0.3104945664957425,0.7540531969831749,0.5426316574477315,0.457598874651717
0.895366784537062,0.057253559800167664,0.5573176258679793,0.3279110992966764,0.035273336313462744
0.7535185187029176,0.5617406560688765,0.8941453369562156,0.5982612275718309,0.337034279430268
0.9852196553795466,0.1157140506093054,0.05260174257878858,0.7326219094520809,0.37087489928948425
0.3614650786285366,0.8765321564895722,0.3272936465153866,0.8889885968841091,0.6439879792316223
0.3290495438867621,0.05953265441246691,0.2451093526405581,0.9684132012168495,0.405267640233955
0.16003346144532782,0.2980132492008535,0.8995757788613248,0.16497671550850213,0.7778600665672813
0.13486463139689686,0.9613937134379236,0.5302053860915623,0.04316993559752147,0.9309546777401997
0.3582255444591219,0.7314212789001067,0.5237080147997484,0.09258180314495723,0.10605921802055862
0.14922495069108677,0.16120000921684696,0.05275579312450329,0.047013165032900206,0.9484282960587186
0.09129178998961429,0.5083516758883896,0.11862982037357617,0.21478785120871058,0.7630720727810838
0.9381348210283492,0.4697126947232173,0.005641953918997911,0.999208301397325,0.04777321268593582
0.38944790403053664,0.5390567006816359,0.8917334375542192,0.8231121116605418,0.6093866410446241
0.39860229097586564,0.8344787191622668,0.8690583863056699,0.8719049073459855,0.7176364354133487
0.09778734397791733,0.29857942813439897,0.48592205598747296,0.5050533672013412,0.8328734127375139
0.23783677370292255,0.6645907555488578,0.3741998974615941,0.7754825532263566,0.1957743293224542
0.47662729339302723,0.10355858036340682,0.21199017413297783,0.9351746863442698,0.3160471105078284
0.8929770040899982,0.5243030874856213,0.03903315147522535,0.7929816823338568,0.05195689513248958
0.8269435283639895,0.0087991107002795,0.6741113273466744,0.16571392474611746,0.3428752381260801
0.9527513947953482,0.4862334731308532,0.6574263851618577,0.7407350962614845,0.10992797653721198
0.838795758110978,0.9139199387225516,0.15542065234940894,0.5462384288947734,0.2835051231872592
0.7406467308597892,0.028270392857499327,0.512547003441387,0.7928148553566389,0.7347369077925268
0.10818383143364096,0.8329401087337758,0.2378407301170733,0.8077876312168312,0.49712883186244583
0.16082576513729407,0.7340406775670077,0.807912952139197,0.6989011499859489,0.9648463390269616
0.2561444512059512,0.23576232699798172,0.14723009181160007,0.5394062099506569,0.39944882238571555
0.3566620487145734,0.4603046009318612,0.27454222792907357,0.004260377665059822,0.47175068885141214
0.2758845165081465,0.4497836089298881,0.9288751140115937,0.17900540683472177,0.6374835780068095
0.6444148962624405,0.281293183556632,0.4708879967290682,0.9696116416313242,0.34246012540114046
0.7123451824521829,0.8402191556813096,0.3606911077169659,0.9899141340532303,0.6258692404776313
0.5009852705939224,0.7149075175062505,0.4238299338665591,0.7123267228435931,0.27480238333460283
0.9272083143456884,0.5419628379337594,0.24164949358725563,0.4371966684315023,0.8950965406208952
0.8070553190721129,0.48446895203866336,0.3517016767403299,0.3762474141022907,0.981195357595743
0.11221278513169952,0.8890238955692091,0.8576088734266992,0.22438840593729437,0.34935873416797913
0.5695598867254332,0.8023927037402467,0.9504454053381364,0.991808703583101,0.2812317068822252
0.19236357434085072,0.48772515266748817,0.5575639009340683,0.6567046803932749,0.10759113231433648
0.6463560193551533,0.9213790806783381,0.9152010678295414,0.9437739993000753,0.9223395975318839
0.9607778274826423,0.048692537116349466,0.9160181907022661,0.27121280789210334,0.3206657354661555
0.4586142409479629,0.9552803950076347,0.6050889026557299,0.3526932166520369,0.37415764755276726
0.9049284888231673,0.8223475682359707,0.13753772023597588,0.24868186615716859,0.3719452010692397
0.21674199029017294,0.5634817527136177,0.2236387599459807,0.5749244964469973,0.9360246214061883
0.848675975533586,0.09926346308256806,0.20690479837042774,0.41274924226399945,0.6461275766592475
0.3865663628348851,0.25161236834020884,0.344659037128738,0.20401358652979107,0.8618667195226829
0.6972517123433287,0.4110291024059428,0.7004314282099708,0.5197293174787262,0.5262622111585703
0.3673556084639532,0.4882183585723071,0.9855162416953693,0.784464867312748,0.8277002926517436
0.12437185142418172,0.504273983084654,0.36690094040206267,0.08890697072754417,0.3952770262363481
0.07418767473225829,0.23401971446524739,0.7987627112516095,0.686217476243966,0.6985466383465934
0.07935787693081364,0.16398227758722628,0.021584144070867173,0.09751452691002915,0.10121880242811643
0.9601446916211,0.8939512634713341,0.20425397855343008,0.25381295470761933,0.9608778491357932
0.5699976471255251,0.3685232926897146,0.46654429147510657,0.27220994867786064,0.5835772799893953
0.7252718223897827,0.5154482557382004,0.8206663345385308,0.11321053506097756,0.603652973857912
0.9896022973054645,0.1490790498675565,0.4950360663957767,0.6301452844417437,0.3375294202117991
0.9646173192524804,0.48541040769212185,0.4786986863177315,0.9026637044263727,0.015910411244439815
0.8688851589766611,0.12907340078775342,0.37916841822639635,0.4884561704309821,0.47655869691565855
0.039408558168117946,0.31710712739428615,0.3567946903673459,0.9561793268639441,0.9169853749785909
0.5843486341965979,0.9333677049373144,0.8637124033444644,0.37572270111652595,0.11696685105567062
0.6071375469001652,0.323009439198225,0.00974250291163048,0.9811793521245372,0.9692760954489992
0.5368064457790755,0.6181857022194579,0.6688668017610364,0.9265387090440508,0.46750867802927765
0.582878176454622,0.22653965650377017,0.2423982425050334,0.5221121947225905,0.2292049514102351
0.030252785430060825,0.3684079594813471,0.7499451441365527,0.27707018279551543,0.8627039384880808
0.7025023847332037,0.6533191091480492,0.8924831409031366,0.07381103074993955,0.1787653995049835
0.9092702224593885,0.9070373768197907,0.0782672558984896,0.7742315525552211,0.015432415436890667
0.13523555336854598,0.10976057369371028,0.2939955778183827,0.3882684206436099,0.9108738642708617
0.4363978127729553,0.12384907739358952,0.27234874715073365,0.0063768281012825945,0.028049402896189624
0.43106832145642826,0.5121882681917762,0.2499615832791,0.3798924166924592,0.10336897269153933
0.6588215617744619,0.3926055704676572,0.16152559947465905,0.4973936312862197,0.2083748397529398
0.29212927796628596,0.12417043286141782,0.7807304911647672,0.279315228275671,0.9556766559053811
0.40543191089685615,0.15519449168211252,0.7052129689934266,0.7335581482586642,0.8813196460233809
0.13151247592984172,0.7898859590776569,0.8597590874616505,0.30451829519588325,0.4544821816112139
0.6196419590419111,0.2455131433178379,0.8713559196315916,0.6991942549110868,0.8566830458693316
0.4499150499185628,0.5189983629327564,0.19425444503011624,0.3140243815958631,0.7295121595199209
0.9590077781677199,0.15210286842093013,0.050643527733202354,0.06745267411962508,0.4354717688219678
0.7926712773169131,0.22487727003934888,0.47713207139518465,0.515402183663472,0.8377023980771687
0.16403320698338342,0.0147186060807597,0.5066550323256429,0.3552459167806007,0.29216537585678604
0.7722370974565839,0.6834670713805222,0.08393714768006222,0.5481033627263667,0.7978446191105952
0.9096843374752063,0.00018491902993955645,0.8075500986858035,0.04324792766058927,0.6821205804105755
0.5980071036505689,0.9520162922399957,0.6318790922401964,0.06993906408407957,0.670397983148165
0.25492041664867227,0.8319439935347426,0.03146208991060351,0.32413582377154904,0.6764358869800243
0.15563480013998365,0.6462720092557019,0.6972248052781891,0.7337776649638684,0.8753351921510779
0.4131661160519794,0.14248297349124084,0.2603109303911456,0.38968540144265285,0.054577570176632784
0.7085488297493479,0.06301064777412224,0.05770875722846036,0.9324995372217993,0.8062458783408415
0.2536810468136307,0.34170809180630035,0.8259196998012194,0.6192354646583524,0.26491761620967536
0.4490191959399702,0.8555595873168996,0.0006913526320485586,0.9923938664544835,0.5659335339854799
0.18202007679028998,0.8001928057605164,0.0761951880274302,0.41000007936986693,0.5731322632681805
0.24719434828197784,0.8852328174375587,0.6968940385765474,0.16182813889671366,0.15259950172875503
0.06193319751351434,0.5714985141123747,0.18726701013231262,0.542982676095603,0.8194724781232162
0.8791850207683671,0.11635033660355865,0.33223742627782027,0.4173757174090086,0.3834174765567997
0.41882895745419135,0.45998748135344514,0.7565502954746656,0.30551578924566625,0.34342432792680133
0.39024473503471857,0.15121846518914184,0.6303734331444929,0.40024602301191214,0.916152575709755
0.8214158752778042,0.2301799038896999,0.24231397219120976,0.7822705914973477,0.5598869553608793
0.010210705697591416,0.6298830526532523,0.394912912348374,0.7852137653116322,0.7468470344834252
0.9223280085419,0.6992859712643673,0.9129785868431055,0.28465481866109177,0.33871568992326884
0.059200845313875594,0.8669361094050653,0.15421758789417628,0.5513195121573071,0.5091953884332735
0.8139350789453603,0.3879894664107344,0.14266467212630562,0.38308104599808623,0.04804999461665238
0.30146981318601596,0.630002712218245,0.057143144068675045,0.9896962264528147,0.5361890889334342
0.3000718531969264,0.8337872434508156,0.13746518126975782,0.3219639719627222,0.937150007971858
0.23993308235718303,0.7328919271953428,0.08093038250802342,0.5324746359332534,0.6581111061964737
0.20972304535300113,0.32763012154924287,0.5505090767309417,0.5899849585132731,0.15421755612532817
0.4107746524519652,0.9997330141673058,0.3224349431312179,0.785356060507633,0.20161392333706807
0.46119396345358565,0.518169554085777,0.5960182899260291,0.717652974830125,0.7959103772080438
0.7001657153343475,0.8072005205099109,0.8859616994673953,0.32611928507066934,0.8273093048975675
0.5199781856033348,0.25942786622237113,0.17307370440126757,0.7644490065818403,0.636632828518914
0.07073136890789489,0.5874537254219082,0.04454661955496497,0.39125605053320867,0.5711612379387329
0.6501946546552887,0.15785275580853553,0.044836639214591134,0.5760237642499083,0.8187842560531288
0.7966116310355754,0.3596598915351783,0.5769511171255526,0.718697879689063,0.8731883907118612
0.49162728642766695,0.875500114706912,0.3177288798955946,0.21925214124553816,0.2941232814111032
0.7297674226733177,0.8851404133120045,0.47118218900340225,0.695917733374681,0.13881375439542343
0.5074292852031799,0.43484114327295664,0.43160425997170515,0.18804466248264629,0.6227810443865497
0.6720723095134707,0.6363238149667502,0.7427563191082552,0.4582233064056912,0.8525994904986709
0.5712121995627553,0.8818100041174853,0.41015475318728944,0.7001386192546207,0.19680503074155298
0.0830669982802148,0.9315023915455654,0.37083774488982424,0.04569851760286925,0.6184535124778691
0.9332612253671294,0.7690089987808818,0.987247113030354,0.9351169274831818,0.45553347898405694
0.2339097472639352,0.06523848369515972,0.27212372219935754,0.6321521424016935,0.9108913259642042
0.001707878042255584,0.8174844695622197,0.7644647933703086,0.6909825452546333,0.1278771632282204
0.05325557266111258,0.7367542185563071,0.6414092415349312,0.3698980739484795,0.3455080667631397
0.03264336451880134,0.9934342682419106,0.8366421520834031,0.9741907629378853,0.8180374743094045
0.45885291274484075,0.8451647964507859,0.1983574958173624,0.672474658209358,0.23721934515912924
0.39247746635638325,0.8716800988542341,0.42495108826209294,0.8937160440017933,0.5995593766878622
0.293746141226241,0.26035696480621595,0.0033740585466850437,0.5720980419319417,0.8385695678866606
0.22471847233704823,0.47924309117227704,0.98389607145925,0.3933873529186044,0.9384468324119419
0.826590714843173,0.4946125810746005,0.6353641632890167,0.06558310691123526,0.5164326060245032
0.7599335792572646,0.23036659172786056,0.05148670155950852,0.029401191488326206,0.16031574114841984
0.23776699812819602,0.8054016874005463,0.45911453994278284,0.5355583774564454,0.3131010580868181
0.2988283280262216,0.5534854923200385,0.7457890132383214,0.1806901662178415,0.4346494499233985
0.6440869522905317,0.9600938805489981,0.26940368688550465,0.3928640426759552,0.5693022959825481
0.14189755508509827,0.6115829717156172,0.97445724681956,0.27342025842317497,0.4805815586037563
0.1176382647967319,0.518060251582131,0.9715769183534421,0.5423762597635021,0.2135014522893427
0.3107572400259978,0.6264074396443214,0.8570234378123661,0.45343769155986857,0.4901201217909571
0.8093553204242412,0.10529371729263481,0.9512456088267535,0.46476506141316587,0.33164985825974425
0.778544894736933,0.2564726238372458,0.1464366284328381,0.25812168292054705,0.6725308697908485
0.10066798021565704,0.4513090727358072,0.23555932146414182,0.5456781657687391,0.13828044177722676
0.7739662669356301,0.9239125658053686,0.31935921774823695,0.35447856622352214,0.5980852399723197
0.738818338720325,0.05827368327654625,0.6747781952137193,0.8142482445937638,0.7925212091289544
0.4386013819580289,0.8227704352972897,0.5470766838896385,0.18672508874890625,0.28573683900488145
0.5927359584108365,0.5524748034368855,0.802168272095533,0.7148934825586795,0.2130601496623663
0.3973863306984621,0.7780741808327621,0.4581181275815358,0.2250302589628671,0.9370947669703432
0.4490755944719781,0.30872692752100683,0.5112582706328985,0.3009183586357891,0.27038375972565754
0.6615317883985666,0.795233308561146,0.40883173663850536,0.16094016575767944,0.47579538789023323
0.40160074223283315,0.4357112991570824,0.23987599602631848,0.7695973691264705,0.20222761054009575
0.03864652494159326,0.700113631258398,0.7425011397753991,0.23875935596294073,0.17340592026881518
0.5805312794062282,0.9196304342503806,0.2539832972118542,0.540004196196715,0.264378219771658
0.7416477811960255,0.46709639060336605,0.37895634901511954,0.6561405758081706,0.5314195407240352
0.20114935086895502,0.416212242495802,0.956493507916226,0.8011352140683646,0.5121086045327933
0.6604632515337905,0.14237142443265227,0.4131933730136169,0.8948163694820769,0.1881203420666041
0.9819213344991385,0.8481110847927462,0.6861280982539943,0.3736241513005276,0.09207755150321106
0.29468381021917145,0.7409964745099502,0.4216213646357093,0.8028860336216209,0.21579647639982502
0.8237461300908712,0.860111583341083,0.7221971636246888,0.20401413534836,0.22289144097796476
0.0642943970848997,0.05130134669245734,0.7390696321837245,0.4915166406487732,0.761511218550976
0.2827461718069658,0.3452668730846242,0.8947035962579937,0.9973834006145134,0.10175594247871245
0.7792520919931823,0.5561485778409028,0.004548788666960402,0.6165501453108307,0.279928187494378
0.3505630665853018,0.969278887329091,0.7426779134370044,0.05452174036389146,0.6809757971170929
0.012995658201120364,0.8861938563573561,0.5966825165627259,0.6308213101319432,0.016448753231374513
0.08378587007198324,0.526152908756173,0.38173460826591166,0.8182954760580945,0.2839720705188804
0.3996656833159823,0.11999873910905323,0.5028709299268486,0.9550215718185227,0.2658968733287944
0.7908316312385734,0.1639561141032786,0.8859029397238743,0.5126331852355015,0.1258081649512035
0.7826966361181696,0.8875867114180028,0.1450611685926937,0.11741592031190518,0.25138846512509094
0.5149484434653838,0.9501103473912675,0.8605991793014343,0.3246259754029557,0.037259982082638365
0.595707862231175,0.5747620737856707,0.24153774213650236,0.6035606605058776,0.9815943038036804
0.14438695164008508,0.31480237343115114,0.84793355090983,0.1591748886167792,0.12876879593442425
0.1720218577597723,0.7696975504706574,0.12743003149142296,0.09112458439746474,0.6269571277929371
0.7668301773539266,0.7563464346552121,0.4331029005801712,0.9166002985176446,0.15087528887221524
0.4415215527114733,0.36928715524795175,0.5461860254806569,0.19326226185280793,0.14712289159537684
0.9833583349518396,0.30212617741699477,0.499701890598532,0.9162683518991026,0.30265186373425323
0.3665960202936841,0.5631551261598782,0.06806237511147828,0.02337713352988191,0.6327585848055395
0.37088131043453965,0.07950122627640199,0.28663773852977303,0.6934564269024357,0.7596066424743626
0.5053961410910018,0.22076415249817294,0.8394960408794238,0.20769301625017422,0.756915549855531
0.15322397735517201,0.9348531337494407,0.7733707820220617,0.5012397610345267,0.4341712953397008
0.5729757482289255,0.6611143269557697,0.5578826622960539,0.6958171758510772,0.08768104714415303
0.417169647054938,0.753482195998536,0.4383519880101734,0.9706642786602583,0.5339848144702273
0.3109529311206326,0.8920842569859896,0.42221953221764086,0.5461857205227137,0.6413741755146266
0.856008163305957,0.2094386858409515,0.8738005394984175,0.5737316876578287,0.3664444290353108
0.33524513704607994,0.9817807971796761,0.9470798440491606,0.5456033451734837,0.346368737804462
0.9738784965204611,0.016340966030428117,0.04892525345080967,0.4866069035568139,0.5869911090998863
0.006547823630988492,0.18749488339901277,0.08620462266447049,0.24980233152041786,0.18287683245878328
0.1242837023325819,0.12945902517985908,0.3713921444704441,0.1287374213663649,0.7734218755622184
0.40278279364505254,0.11682512398539147,0.651349835384216,0.7881840479602114,0.3596538363295304
0.006134609194110796,0.6501680066208771,0.7539899200282395,0.889291198972078,0.7131514327645346
0.5968448368487775,0.3430842951637999,0.2438339336397395,0.06487459371370596,0.8193036293395508
0.5603038811963816,0.28789622736601017,0.12464981684294196,0.28836149745727535,0.7577834972058457
0.21579062359028767,0.05210268620306746,0.38004774521617846,0.33580987413345964,0.6970396153973525
0.5560008010366342,0.47271062769945116,0.9760744478129421,0.8441217757745803,0.12815207879207402
0.2483946590231697,0.41936396242579976,0.07152340087545239,0.7581419631248791,0.768173826958463
0.2924246735578867,0.9053554186477544,0.5524840723759766,0.22361363838899728,0.6214940224110312
0.6725694086830638,0.7175486678660921,0.9713436153413455,0.9136436609225421,0.41327638137847256
0.43182565041758625,0.023452630466496593,0.41749899699721704,0.17714865748372033,0.12016828010372338
0.8158457723813051,0.021813159702834595,0.12905764891534555,0.6643646079481696,0.567185022500898
0.42902896886769204,0.8075820379343014,0.23812627472040682,0.20661949352755438,0.5136828203857491
0.10665326299813838,0.6890782878350389,0.9350120957823406,0.8114240831267847,0.8812086071601255
0.07295092204543419,0.42403433932791357,0.9029401316108197,0.8413637334023526,0.5937920111450316
0.6544182517243864,0.2660115260401821,0.2652323883663885,0.0667116608919971,0.9019304278461209
0.28898866046927885,0.9925015745753919,0.006827616746419962,0.7991233714797451,0.5258011702210748
0.04202127469949257,0.6631899274414362,0.7024578005235615,0.6996162092731862,0.6959308411732209
0.6781657600983213,0.767579475750658,0.3801054048825345,0.9577118476177687,0.4827942648706728
0.2678199052172261,0.992848235333601,0.2795208480692082,0.4407473892841043,0.6977380396260929
0.7981392895724858,0.3166493765469731,0.035267505691019774,0.5780517487402395,0.5919866420814975
0.729564782933777,0.26098443864982046,0.8207240566538416,0.7739336539890788,0.8616513869045787
0.7560108074168891,0.6731166233944514,0.5541191574046237,0.8574512183871471,0.22596199745034606
0.6650097293008245,0.7921084522507646,0.7747339239157679,0.12961697609010214,0.31386054022336884
0.932754641433738,0.7745714091330528,0.15468504116146442,0.4832793039496699,0.8108181284362257
0.8595231813188717,0.5199861667462341,0.10144658573257803,0.2193506970008159,0.02444407255650105
0.16573269918657463,0.06112484896918213,0.7000057072109345,0.700966106863056,0.44331553532328327
0.8809655993444943,0.14628771708634258,0.1940054256356235,0.6114064647827255,0.5280748626485113
0.12218615978128444,0.906849965933225,0.6218412468024803,0.6079520691099102,0.373111687218034
0.6062071109875892,0.0715082894697372,0.3012073055163592,0.6333775576476117,0.5987129978522377
0.5260235392944337,0.053095374733952316,0.321628439547507,0.9845160291807091,0.9431907720906343
0.820230146553005,0.06376179297746498,0.07348302264137518,0.21266735504798218,0.8277568902549101
0.20392427142725378,0.22530374612449322,0.26039817337030535,0.7332158338725698,0.5275801931939851
0.8605275368315042,0.07604177754206787,0.051554111803584934,0.8462628041807099,0.10896650021245236
0.7149389043842415,0.6045686819412063,0.20724922792781297,0.26021303383182204,0.7397465219446973
0.021693332485383077,0.9556667056701709,0.04493148501815947,0.1616640652236998,0.6399515992288863
0.11437991354696708,0.9976753962378987,0.43299825217623356,0.06895286602214801,0.16502086717848308
0.5422593141263392,0.8702951184827348,0.25704696953521433,0.3993793079283733,0.5689677944202608
0.650690510955678,0.7232735419434634,0.324754165204554,0.37063798214424326,0.8736028248447275
0.9060840259830719,0.4173996702627796,0.9965497686577319,0.17517574510207345,0.8232914561104646
0.9089236092006353,0.5646632413176612,0.691922032936864,0.06009777996832577,0.8426360605488658
0.6831631885697419,0.5784223532075059,0.5812318300987459,0.1599346695101077,0.8473011176268594
0.529124790902717,0.607916175211191,0.17008193297501506,0.6281281684791431,0.23835448801385672
0.7623727573915098,0.02761896581849599,0.12442171438163774,0.21113494876989336,0.40094805196078664
0.87068287608061,0.00680272920066971,0.5559384842658522,0.03600575152466268,0.37961859492772354
0.2981637713846692,0.16414111956721533,0.47933418890479296,0.3418209865105958,0.26186508098891337
0.6116855805023917,0.2443482622374108,0.9720106734936198,0.24948886200137566,0.9885504436237137
0.16137214212158124,0.9499036926124411,0.0627348261951961,0.007424872246287517,0.09748426160087986
0.7071763689229903,0.2326501158337334,0.2756285131400009,0.6733224452248174,0.029499691506950643
0.540263108231369,0.40033891575361646,0.16135827524401958,0.9117356737439876,0.3603768533722307
0.29133951077893405,0.6945041492699467,0.8554743018864132,0.22803283316713852,0.12716593767253348
0.9600313488732287,0.4274403726711352,0.534991025181979,0.4569400134392083,0.8279523454395499
0.42893015397473244,0.7570621004779364,0.5227566470125251,0.0796884900271061,0.5093304871275747
0.8555987576799239,0.5311169616980763,0.39279101009545214,0.025641567406815335,0.7012948458124767
0.3926001776450261,0.32334305398483765,0.36977032841968493,0.41770215324117266,0.33576189651393207
0.2916861990833769,0.46049912713580454,0.046626117131807754,0.2257606243404282,0.4381310098420592
0.8847734447499042,0.42813101380464125,0.5558928111900839,0.8935927554225107,0.8058238658027854
0.7122962876716166,0.6194570963506738,0.5958819964049099,0.190527510719408,0.13513839710181075
0.05567899412110855,0.09381731787958925,0.6149815714009601,0.6084798505732958,0.03728547469320331
0.8383324238937717,0.4415286000292866,0.5384391302389807,0.0735231428621912,0.8584834924852871
0.08006695323800594,0.21100159205278013,0.4651631539660921,0.4976491323394281,0.5332231676697258
0.9360421664100501,0.034973055885026305,0.6762221953481261,0.4297826482533301,0.8122388044415803
0.6675118323277286,0.8126074216257043,0.8635281512198559,0.7804017794972522,0.13225543312715082
0.5372229665162267,0.7732961489681285,0.7744038422684293,0.9270613525529988,0.4159072470466396
0.008965254270016931,0.7272382328463988,0.2781635586490234,0.6556070633050348,0.048984657282198474
0.3553739562213377,0.6331576700659197,0.12605143716391543,0.3171345148124012,0.14504051453494504
0.891071103014667,0.7743128931923868,0.6385069178386137,0.519936527164644,0.977604945397312
0.2585871617521439,0.7055165103930264,0.0862439806406129,0.621620995395762,0.19532737456421556
0.009413692056326584,0.9092084302455486,0.2793510222388367,0.9902989899205702,0.6798148892065596
0.670866589041977,0.6734242712672651,0.9923643328000614,0.22472340230088328,0.987639012758257
0.32166324831763793,0.09426440997219876,0.9222485922290398,0.09727723944344413,0.47529221207371375
0.8340513248686634,0.27660584509331965,0.7202358797470098,0.6419038858885909,0.6910984765401362
0.1507170200396164,0.7029754714335572,0.8396858886664004,0.14133906975989607,0.9606832336961557
0.9517867210990099,0.31887178827844587,0.9553527810202922,0.9384439199561148,0.11655166467579448
0.7440329692502485,0.9624509185962646,0.8236070103414329,0.1327050714151815,0.4079112005664849
0.5640055046094706,0.3713967502695277,0.38579822745161285,0.09641090641879402,0.007103004071955965
0.3061495597775179,0.4234764338561591,0.5788017524272628,0.9553552319137072,0.08946524395952693
0.34713457033560047,0.8701054982564199,0.8256887430410855,0.11194867763643801,0.6757974900178634
0.08939368276989912,0.9456896097834101,0.25996969381094226,0.6061281673480748,0.4705863213699413
0.5119447025861728,0.21398675799544464,0.35877618048812865,0.2823791562776541,0.6157219384184988
0.42232839867973415,0.5916138681354238,0.5366616269884411,0.6659945095025858,0.9755235598889096
0.5335203087723649,0.5464535019389186,0.6140468383857707,0.5474326316670325,0.41129379377029507
0.24600386680570963,0.5364066552074148,0.246050018606233,0.6594611305586169,0.8863370505721601
0.8001231639316233,0.7864177527141966,0.21321394289208806,0.03361978839691859,0.20374737915471375
0.5702065486634189,0.12484401666846223,0.10017629215564705,0.9978479887068887,0.3543501385222706
0.06359397220865048,0.5115041530737955,0.6974326495201748,0.46025756998737344,0.13136772149516185
0.5148373485455939,0.06909023817875082,0.7304196764385137,0.9390459208781737,0.041924778554946585
0.5705131247018455,0.8308610128292928,0.640561431449654,0.14909092173346372,0.06816011791955401
0.4574800695313519,0.048261148489292416,0.8368186570297778,0.5163064744692527,0.31676478597765434
0.7709035556918873,0.21453136882198154,0.5138254278283197,0.5061617204352015,0.10401052539562616
0.8009294344888924,0.698625096607278,0.19899359981308906,0.43085267012383544,0.30931907967350325
0.9373472775395838,0.6678211618943217,0.9443394079666625,0.7667279392078927,0.7916226636623189
0.31020031397718084,0.8487132363244002,0.33477655201596823,0.8269785396753415,0.7098333016958183
0.5095790925577796,0.17033741017672765,0.6008672248927674,0.6245089294855439,0.6855544806855605
0.06632587907729826,0.24957171859217808,0.5609493027050729,0.8524766398396647,0.23250107438845968
0.8970223525821365,0.9751622790107172,0.08893787318567092,0.7240562542086213,0.397500185467893
0.13789810560915094,0.22252005056708724,0.36137992001834873,0.017917063063458194,0.6945667799404125
0.45366621124164497,0.34596672494012026,0.867647881246636,0.9663654462530474,0.4583177481027433
0.31075741090698117,0.6032253784852442,0.4055320163915461,0.8915978697473795,0.2884049869033769
0.12809232005496707,0.01506179975052746,0.17032349470649644,0.09450705803440296,0.9107173660029684
0.6799112539007186,0.5810248112309546,0.9447519584462217,0.6181309596938647,0.7061114581247842
0.15852933996206475,0.28759026609376726,0.6174291814706733,0.8359394536871053,0.2821105259484018
0.45367552433034086,0.28208035261649933,0.289296782121669,0.5748679882655113,0.9190259320127302
0.9761408542540218,0.5657842323199487,0.02417213387886652,0.2763770779625714,0.655710305074745
0.9248095983130145,0.1460811159614328,0.8285502414658533,0.8794713356705036,0.08978791912747408
0.9048154265090204,0.5953699776745057,0.846164976882142,0.6736778814943405,0.6786984497519712
0.8748236220725406,0.7629683361938755,0.40877424400023044,0.38246965850718473,0.9687003004099622
0.26395301289062223,0.3767452914167697,0.14394779544871183,0.3391104278713274,0.5841915345394822
0.19384016342674615,0.4258584839435495,0.6087195556550213,0.38533283256502393,0.7551719765732258
0.5153763917271207,0.3250938311304269,0.724778923516339,0.5539837532258872,0.45163357149557015
0.16110501350506035,0.9868935239201536,0.17393132921873022,0.38461349364884945,0.5855658627361776
0.9332835662415399,0.3014329515328982,0.11459958332063136,0.7067209496362199,0.9509550098944594
0.4519591378925043,0.9980076441941258,0.32194419138308483,0.8805841060788894,0.001446843351889493
0.6795745656879658,0.8851927987878044,0.27993195216302025,0.8477437700621299,0.5994508512678175
0.320193549478649,0.043037381766410476,0.6616325236503104,0.3753696287683469,0.5436903975043668
0.19862703466366627,0.01935261511890951,0.09685751796529396,0.6409182846103932,0.1274409387809008
0.29754110022601177,0.5919323437909261,0.27302973001906816,0.47274563992556784,0.41249802641900923
0.7772855722233277,0.40340784760303017,0.2830551397326718,0.9859713087717799,0.1728084964121811
0.6403336594121625,0.6237081398223616,0.34958949190216393,0.7436577216825497,0.7537599968630195
0.47636193280353734,0.3230631044324299,0.11325132867814247,0.8699038708348792,0.9838457373832425
0.2804580683783783,0.32010545094063514,0.6457862348056433,0.7788264097399832,0.8453437967411624
0.767875812100465,0.6804152248926199,0.621997720915708,0.014427427627251244,0.4897466981182761
0.7085426553619845,0.30272720113627416,0.24690575622264177,0.41279699174472806,0.544282972846387
0.01102406440667203,0.7515696041200218,0.7086520145143741,0.22478608789547927,0.24859103908957225
0.17448627965760188,0.41182877077596114,0.9598545401584107,0.39062592032788546,0.9259713332624632
0.18125066049166394,0.23937555581066683,0.5069343587511314,0.1510743303851485,0.11331674378452927
0.6700084852838935,0.34239269049231214,0.698768972160042,0.22724683004489366,0.29981019773692996
0.8928391661611855,0.5796525000456851,0.12261668045744278,0.42066138066472325,0.10007429673849111
0.066237157043883,0.5641612201126035,0.11174129724920057,0.21436803184431397,0.07259752256306184
0.11127661429054148,0.44842646701736644,0.16565953333297356,0.31439714892910897,0.4351626714219352
0.19411455859903326,0.1348851586024038,0.1478035534853832,0.9412713561040276,0.34870825347168366
0.45561123994820574,0.7529439929065243,0.7871743134269691,0.6957236480763114,0.8919458386998922
0.5326576921296512,0.16599468796791828,0.6122245715933303,0.4524112089428872,0.829601609900581
0.24296069863979963,0.6771113773978622,0.010073150365784711,0.383062617202216,0.3461001288007063
0.09436335770060333,0.8208719412798001,0.8268686758861697,0.2503862136063315,0.7115704835917247
0.9020858148595838,0.5800857205036535,0.3687647356063217,0.6823014385716485,0.39547829476792595
0.5714494933425736,0.6613900880562642,0.2928892254235115,0.6623032354886073,0.5078589362720467
0.5931091078879319,0.28900142944750984,0.7458163553762419,0.1493120291031398,0.48079283926544214
0.5317185496879285,0.008191193664421781,0.7972675650511827,0.5544799510233699,0.07887881747659697
0.8488695701530471,0.7102182814841858,0.9147261171846323,0.6819303386197555,0.5034878749324865
0.7904034316942908,0.3584731217061923,0.43560029281109736,0.35611098108833694,0.3260576712009855
0.9433762026242679,0.5064302711763551,0.5074969218332225,0.37853879740170626,0.3276879610361517
0.23094134353994455,0.9491407209696462,0.7325543619727699,0.48101808953997016,0.597522558534395
0.8386316975216097,0.36994896613864514,0.2821138001661806,0.47724031420124646,0.4602041818852469
0.8308903476943613,0.8944763151734073,0.8590046727457588,0.694306259617087,0.527920163256209
0.17466442367907453,0.9313027283347337,0.8541891842905377,0.5261147389800988,0.7541610981978155
0.8991306303763,0.304514550187832,0.5737805287091385,0.9590470888417583,0.2234067660260578
0.15012358944005033,0.9492630720195097,0.8759095374562,0.04369706822401709,0.5800303670278775
0.6455413706850983,0.7168613424269492,0.6162662005092481,0.5625036767909012,0.6075022342210512
0.6196610218523517,0.09229459133747431,0.1739696260985253,0.28613278123426455,0.9279132574118
0.46701776076054125,0.6136571570174527,0.9684195894946298,0.10043354619836331,0.1925017622647177
0.2813818881786606,0.9190990955305373,0.7180205344961031,0.13055396053441048,0.07096416103342462
0.1699576622363479,0.9155953273535647,0.421067673887325,0.8697386648303876,0.8466174112624649
0.9664677634738621,0.5422659613883335,0.2733804130085338,0.5144225030479672,0.8932540847952765
0.9479783656821203,0.39770195912438977,0.48713023325960736,0.7978742755003686,0.396970432522318
0.23967044966390638,0.27937095792844646,0.4801187767420928,0.2383576322474572,0.7646269709210913
0.6672114937106414,0.9326623717682092,0.746803804374698,0.4533108029111429,0.18264485275350673
0.23530681026737355,0.8868640123009802,0.6355930974373987,0.10688332464468109,0.4998310428379079
0.7662322588415134,0.8047833131183926,0.8394019326707896,0.911021006511031,0.48230868615368605
0.6672537909396858,0.0733483904858232,0.6615952789459929,0.514628146208364,0.2131347254686332
0.25290037251035147,0.7077437756581832,0.22589903202453654,0.3426861711746627,0.376954142401409
0.7609419193512585,0.1926502608711379,0.07921365267629221,0.18339761550779632,0.7125261829193771
0.05047495128357171,0.5543427267032722,0.5041746926584788,0.3741764648738086,0.3473212110444034
0.538671238678384,0.060839187594823874,0.3228654248183054,0.416460894010966,0.14157273828914363
0.5246234898698036,0.30942271067573746,0.06559515224069001,0.1280916076168882,0.3278492719315099
0.6618304145275926,0.8002429082625261,0.4862197523125813,0.046712573357509446,0.60698682746826
0.9053206191921288,0.05152654899858822,0.34770308310752907,0.01685708613009862,0.5772968511896615
0.10428671754079288,0.9409366710119899,0.4073848094838931,0.6213572327470686,0.3286999958973946
0.3359261783683438,0.01153922610271585,0.8666496178362267,0.26972394662986043,0.24835926384397944
0.3599378911461144,0.18411819647908334,0.31232598713896587,0.2811141873234386,0.9749566352840313
0.8762755599876352,0.28240042129182386,0.839187106417934,0.038130520109800226,0.5686038388372938
0.863510421383985,0.2168948854489945,0.16094814478023423,0.7941216758494806,0.6533000870238859
0.9741462737732515,0.15878506880979237,0.14843409345316982,0.05538559527144071,0.32428645808728407
0.04772728597322751,0.6139588222854332,0.08586695240530973,0.4542393768352143,0.5150688627777102
0.08635171737881264,0.6918948683012132,0.9905512859718085,0.38928020740153957,0.5168078751607
0.37525697295673477,0.9798000112828724,0.8504863572172711,0.9687008861600426,0.38641095441336903
0.31633158456334654,0.016139313289963986,0.07686306509400709,0.9563238155682923,0.5843500498746603
0.44608487638520045,0.157836649275634,0.9380274537832947,0.03935344066636981,0.6485816947897555
0.5989522818235765,0.7312204475295214,0.7437099123274765,0.6744981557674551,0.5534621438451298
0.4336547466430306,0.8018541916168369,0.1327768886655576,0.2824887970668529,0.7817945399114032
0.8890806310635632,0.6621395094751725,0.04986428420293476,0.8304748904230027,0.9684537923342347
0.46037048832058713,0.3903670219773747,0.3523090852345161,0.6065614049987993,0.1697224874286294
0.13461946739105524,0.9908410943274397,0.5010371307327933,0.5147695917275097,0.3013944524170086
0.0446718631029549,0.06452373096180386,0.05895167853430572,0.7030869047715557,0.7797189778221404
0.9512319427486563,0.9806421220801341,0.15119226170099354,0.015104441177240968,0.6843892521911755
0.292087068288187,0.9225639021633885,0.4876528511959981,0.4382284698358888,0.420576572251095
0.30697588667948983,0.5639783241881404,0.18481842394818826,0.9771636726780322,0.8065569229204904
0.85335620887055,0.9458959147028034,0.6827286636290849,0.9018501863482434,0.7384805181715461
0.47419516295232766,0.02096494757176004,0.5153256322667542,0.5394887630638048,0.7363808755099013
0.8688621198147831,0.6286919179828943,0.08716970299376436,0.09161203531234718,0.871021355675676
0.8809430529015219,0.40057887672633685,0.06827704775869337,0.10736771281837632,0.11434314615882246
0.9137031761510332,0.4063667096836294,0.46373931460314466,0.8190296420990516,0.24340102901581906
0.5326396879345918,0.5782682228547201,0.41505913051850574,0.12053280764472851,0.4238106475905612
0.11204267317848382,0.31741159190257273,0.40034530083679054,0.19034193478322436,0.9973705051205037
0.6898771311769498,0.9314243670271508,0.9320283320529191,0.28692938709525595,0.14499885383899558
0.9917298168855653,0.5101882803277329,0.6769619006031629,0.866466391782695,0.3398990618516745
0.5922424414123219,0.29904173854006777,0.2153479418034827,0.034426586049875696,0.23570005439991415
0.24933643106802872,0.7472104442499801,0.5162541879908846,0.773135481029694,0.28623072744337064
0.21294715355484672,0.5779739765828313,0.2711372582017857,0.7538010280532212,0.38194781590810567
0.2807080702067031,0.7534174586984044,0.1887843932951756,0.7248553768762375,0.38980773372473576
0.08510424592574117,0.627722066473482,0.6092355086316671,0.09994812380857632,0.4600591945312169
0.4627585454812958,0.7158790069207812,0.19664706661708742,0.5597192612477637,0.9923364589556602
0.015680846739209886,0.7166295174162551,0.3496595758008425,0.4852308475098478,0.28212563129991153
0.46008594827436544,0.49560020953689987,0.9199843858577611,0.8732716265114738,0.9303880146905534
0.9678089609840016,0.39459323412857195,0.7808315445069727,0.8900243622293735,0.11702188346803155
0.726189108776108,0.5770259477903532,0.19874483179906643,0.6315277187253676,0.6880664984651274
0.6537243261827782,0.006087732525940415,0.9248347777302345,0.35134518544864424,0.8020554289428725
0.15428481112293047,0.6021385455629833,0.05800305864375188,0.5568738096697997,0.6474476913904255
0.38736446291615323,0.7182262840191999,0.47441610920077715,0.05642201103684863,0.03900130695213977
0.05075833576548516,0.3394415719189462,0.9286287237648883,0.3288220365479835,0.8150757888260508
0.6444479967228207,0.7028886589531882,0.655791701269461,0.2018142482158729,0.8720318561008248
0.4181973633782462,0.9348332330441149,0.015640564263490142,0.11511786288737347,0.13422824643289832
0.7274274365845276,0.10703558887121922,0.4316313272863225,0.5135479531582083,0.5139620543443456
0.29472758661267395,0.881839352536164,0.452477016923196,0.17543958262141757,0.557710457781701
0.11264999766368322,0.6694291531548798,0.1733541838953495,0.8904092248083115,0.07840493779042657
0.3098389148056865,0.2158147270532048,0.5696668076521477,0.40527789911967915,0.4522935923726946
0.44785134663452864,0.61192467144724,0.2619684306406991,0.32195615743606876,0.2583333219816275
0.14490611875226933,0.6242383368929932,0.9340173059607101,0.9084129105975076,0.9650141235194668
0.1100846891269599,0.7165289877107207,0.07461602559479752,0.8152854586850412,0.8440818304739196
0.47928636775335953,0.9870292352083417,0.4634933117354746,0.5411735730321674,0.3381837281870357
0.8185890270569093,0.5637875805212369,0.5006002405349792,0.42480980401011714,0.7533247335016313
0.0721607940385457,0.6323991488704291,0.07299593300608342,0.21713528438230467,0.033112145464516685
0.5194799179809185,0.9435476017245186,0.21302159268516807,0.11290829226161014,0.52655234115783
0.020865037787455853,0.3506614652192862,0.44531465268746595,0.07752611634036155,0.8869667193158984
0.383946931330858,0.5871867763288591,0.1126216975789629,0.968340220229584,0.18178149945517996
0.46623064756071253,0.08825940982098379,0.15715092956176535,0.1357703059859996,0.38559080930931244
0.08782337108623073,0.4668188209329155,0.5652228364456425,0.19076283271274397,0.7676582953790296
0.07608788065503491,0.5748698686343,0.8100029989218276,0.6140989375783472,0.004449004922139177
0.07494462117463274,0.04599028845455333,0.129130780357384,0.5262415739837915,0.9592663171539294
0.3687908681686892,0.788550118961811,0.2702420216466742,0.9726544230565062,0.38273775482898253
0.19513166750697186,0.1913349612719406,0.11424196562130884,0.08142195986157752,0.9266408780413781
0.7232378504722424,0.14555531425106127,0.602094803536178,0.4639780937616538,0.07210956854352824
0.9877595900417397,0.23665715234434692,0.573320870198546,0.3603848150111142,0.4875891212304413
0.9908178895038042,0.765320782375411,0.23837560534630342,0.7038878971676905,0.4645400115870302
0.23833160293565736,0.5583156778645102,0.23372834677451038,0.8118734516924813,0.2944192514014493
0.09858755001040043,0.8628863648316732,0.16934059223253128,0.7083210056530832,0.8686867126882432
0.7270370945515338,0.9497964107302985,0.2705750641957472,0.3729677260375357,0.6353934915697815
0.11749591676859072,0.9882588845684923,0.6599981196563448,0.6797380049917604,0.5837137793209084
0.504889814582572,0.1944575518050794,0.10552859907570866,0.2544438060890841,0.028267750899326094
0.6235191500715457,0.1806812214845196,0.9210933453312404,0.10943953294142073,0.32006584975703944
0.8591518551679124,0.6214684122383807,0.4140288848703729,0.7315195204184188,0.4008135759009336
0.15656742454356987,0.9796916595567357,0.872348364503973,0.7379238021122185,0.2807333708227704
0.5070533796068769,0.08781333999576235,0.03816274806120601,0.9460305853038766,0.41795731519947943
0.21849757677039738,0.7888566096611385,0.5259606037839204,0.6615472732680638,0.10825742300691366
0.445560207872715,0.40816283021362254,0.29429074302003755,0.17826552512750826,0.8736273592308313
0.7423988837955803,0.56361955205945,0.27300580722710865,0.6342437175081801,0.4108597309406279
0.002059127101327607,0.6225116133109092,0.6658805605415065,0.9623618748041626,0.8260600105479754
0.07877345952765546,0.31663754296706015,0.0437581894700253,0.06813806077119133,0.46509875486666274
0.20890822345426308,0.06075377721270048,0.6272235388293708,0.9215143105541382,0.8252370268889812
0.05354707634241063,0.29768871723748813,0.03781724411926979,0.42056710114405416,0.9356747357682447
0.19269704199781723,0.7306243496000072,0.4956533531994365,0.5196550254321529,0.8330819158333874
0.3110547351257056,0.3250307783310894,0.7379526991741785,0.14041786990549265,0.10708655166023517
0.41015489943619354,0.3938929860320377,0.302360365127165,0.25381923287257313,0.8804093693667119
0.4097172738926421,0.3089429859484998,0.7869384163573739,0.8459398809667891,0.7009726523813594
0.9642514506237789,0.12286244495605425,0.4477396790462249,0.811085760969417,0.9741854184975937
0.19812272015384003,0.7437143987518975,0.21137759053734406,0.3976023036983347,0.7510686876724603
0.7701526479491283,0.057353397697482045,0.25545165131006087,0.9630736914356721,0.5687718878543824
0.5783363065968403,0.25550863016304437,0.4507504308563878,0.27116578551167836,0.13754550894512785
0.28486024411940825,0.5575193477487974,0.5235549043045,0.5244931409339563,0.3439928732494555
0.43604254213945925,0.873707827576675,0.9199794248117661,0.8974414411081645,0.2350650970104433
0.6347515909044741,0.7677456365379156,0.32761488561553587,0.4770928715872217,0.8562667675889094
0.7032374589386872,0.7262128865944747,0.07979046218522878,0.05279959215953889,0.6894462822465891
0.572722365024215,0.1710071804887926,0.004395023144385668,0.23536391588897432,0.6229094879262163
0.36239927466593336,0.650432077749214,0.15314606484308713,0.6484651052823682,0.11168946201456742
0.8957309157519591,0.2561900917638782,0.00455091691014109,0.8009768720882856,0.32083555401374275
0.4091608867577663,0.14435107381039436,0.203325269837897,0.3989388665773329,0.29129379093577845
0.5053696651247952,0.2671470053646996,0.43711794932041814,0.02911242359496724,0.5033425405045981
0.6009444472642931,0.898412886427269,0.7156013493317807,0.07871352778026453,0.3647266379787554
0.7592367143564788,0.7182119976592485,0.053502277670285814,0.02821567425209104,0.4958380739482442
0.4475276740537555,0.13725930241136652,0.26482637152966226,0.34954931674539635,0.7871975546049762
0.259350025607766,0.8056725153673051,0.8401814143076656,0.2468441635631079,0.85280742357154
0.0807585433378647,0.38247350575391315,0.09948411382537115,0.3231694721521686,0.28315976454382397
0.761289158303525,0.8322676036589062,0.33392777155867803,0.33918409626467927,0.9646844965817899
0.16241235753055205,0.4731222156077822,0.591932664337802,0.657886222256461,0.15353434073380023
0.31710647569129236,0.14828756777950725,0.7569396276546719,0.7275602715151451,0.8218401587083437
0.4293878307016683,0.018903387947957095,0.8995693109487923,0.10557069600305069,0.22415363652535147
0.03077430265290182,0.3954282328443324,0.6943079268628145,0.9288859266441647,0.5482051538820658
0.0873424026778411,0.8841737977420491,0.09849565550049666,0.20393782307481478,0.22011922802054562
0.886056288428722,0.4096628350624293,0.8434331503675438,0.5567014158568278,0.4778689251304452
0.7870041392583274,0.21093826840577057,0.27162818000396494,0.9114162102431985,0.6038325633827822
0.380760291482682,0.6292026954170102,0.7492724196006146,0.7120514437574477,0.5057661955458913
0.6240181919049467,0.236728351117384,0.4820409825143295,0.882790927427197,0.9142606084465116
0.02180493945770301,0.25440071758329885,0.26158712847345256,0.3273631294425241,0.3036471665867787
0.281229227526394,0.4732681948934291,0.24095491043207073,0.7302145727942997,0.028798489937577165
0.9628691724999843,0.1884671494232958,0.8943918767495078,0.6793440035035465,0.8840252978175708
0.4349181286231124,0.32388838942229914,0.6104734751486298,0.19550586690320282,0.42096659719934715
0.5417384437641449,0.12347240625613731,0.8013858906750367,0.45836329358696737,0.5319846741780118
0.678908650014658,0.898308505914091,0.13743488102392587,0.19175547837605522,0.1237421339590784
0.9629059519252011,0.43127513676564755,0.7181514544701928,0.1664091435663576,0.9279993160072034
0.12553013549648684,0.6753047277544229,0.0266433046562915,0.8642786992656465,0.3882532276090651
0.6279761343512013,0.5993438382352397,0.202552413990712,0.4544973072641876,0.0024496984470813166
0.7833033611279697,0.45533225162044133,0.2775847531664084,0.39366871400149905,0.40795668992724876
0.15948858913945363,0.36634634865289784,0.6765212981123175,0.5594258363143861,0.9921126325164547
0.7487331493556036,0.8283996184919401,0.14709473145289942,0.5203825405420601,0.2443895823180514
0.23887428822858248,0.32921368237543813,0.5692979807944627,0.41456863796721866,0.3981999848700384
0.3653902497672685,0.986448150373357,0.42242475663664447,0.9185050647016525,0.9929557574207217
0.6211465408352134,0.9768775223960608,0.9997794475306495,0.8150012336697997,0.714990949581411
0.2211014012951753,0.18366178438394531,0.053049921267601,0.21704276547050894,0.5281733089056
0.43720671239050246,0.7547920507548533,0.3010072302512701,0.6205531857735253,0.36092371725682604
0.22111516846608226,0.7759341872132216,0.29266994515514544,0.5188865552417251,0.2511303912078212
0.6483892169060943,0.17422024403823622,0.06273827203682547,0.6268470597226955,0.49437969995700715
0.6509809377360122,0.0780679100309487,0.7774557244315538,0.04831026258186677,0.9563574810883213
0.9392624357128622,0.8008934972324439,0.3128302254238592,0.6456570727439568,0.9918373746098158
0.717050243472696,0.6605248133661042,0.030180848263785198,0.036339664696037555,0.6285345554279439
0.4652240328787516,0.49041268690398887,0.19168209432003347,0.30507321883777727,0.8898543580755024
0.3649554634893015,0.9708678137769021,0.16679945178668965,0.5317809918243174,0.6382779059450736
0.6860934758554508,0.8054419671000201,0.7562556809873074,0.8179412577526916,0.05909896850300689
0.08086326272899991,0.13310343703656657,0.19800605635351487,0.7181771969072757,0.5378777801640924
0.706931286871719,0.5991719078154752,0.5596904894938685,0.18569154926415088,0.8602204324365076
0.7728337102270602,0.756007588069522,0.9317637732944607,0.3954525807896583,0.42188972573013706
0.4710936444386088,0.3497144796386815,0.5112129243775171,0.6262231412912209,0.5874182742357916
0.1764311561381443,0.7252056147477653,0.07059798577970544,0.20721574350858352,0.39668228320890264
0.8267904947711223,0.25204934271262325,0.8274650315858454,0.5805907371940833,0.6991171030041251
0.29634247808316017,0.9710598901126802,0.6509604010638306,0.08046625764854087,0.8063483063789941
0.4672832190846261,0.8347842883338458,0.7005845110090737,0.9662214035921262,0.9091800005591162
0.6664782615893132,0.7654274572450155,0.06005288927205743,0.7948885720472733,0.7352613804031481
0.9432966926653978,0.755079830182131,0.616941169022578,0.77841769330168,0.6023854709901585
0.48269579242490535,0.9798067017035851,0.4942363410491092,0.10100447432471926,0.045622633175599225
0.3688978638283855,0.4562972593133249,0.5562913264560253,0.06963959169169565,0.550393086349376
0.9585323358776272,0.7516971362795447,0.7033994279743886,0.5152216737722543,0.8843534023348717
0.09090125671404659,0.7774578349976777,0.7132700259909416,0.37830841231479806,0.49053480808924177
0.1519923906100682,0.0062392859507868215,0.3357581082863642,0.3380882385164943,0.5205183793060234
0.3458689413765892,0.889339111327422,0.14431525472641615,0.8239149225304285,0.5443139603898979
0.22123435931557622,0.8760425497895374,0.5530711839146567,0.0966219964073961,0.8666429103872324
0.2724611174067858,0.5715852017744025,0.6789031834947183,0.7439949826508112,0.7165795666531019
0.83158071711502,0.7705121418791179,0.1886801399295326,0.5571054876555452,0.49372517850189
0.1332430830234883,0.43330998096904316,0.7767007233252926,0.444545957987142,0.3921130957697838
0.47631379247350125,0.5649442766160689,0.7649098777834954,0.8532681212893858,0.28904189247743606
0.26366097134102306,0.3160154464410304,0.8651077215533745,0.9005614828145997,0.3418297798449792
0.8334379535042962,0.5443324673170834,0.9579050674736784,0.5700215512105197,0.9041466970157187
0.5544902600556747,0.3491384407854876,0.8491888997720208,0.3373467262413722,0.7885941965246621
0.53066999714124,0.32359021516254804,0.47621935733924625,0.9060977341778377,0.2973818424342919
0.08632403285324364,0.9038694014974963,0.11800403046840813,0.23092999092299404,0.4796918279643554
0.7798576939210153,0.9775407294012463,0.1868297754428757,0.2324757249635515,0.996141644487305
0.5627876593224616,0.861717124587382,0.36552220302260996,0.2899979680881003,0.875016422739885
0.20667709604106588,0.2653825991533072,0.3684302367175325,0.3350490449683913,0.16649480025757535
0.28972957294265855,0.17331769757810633,0.5326484405274378,0.6945674579446749,0.5157172090854767
0.07066614791053283,0.5903294952851301,0.7129069041060201,0.176819775883449,0.4844484371899883
0.9707552828625876,0.8270832493299816,0.4558986281319769,0.259074981423722,0.1602628909118401
0.04583441763124951,0.23438938442541346,0.4883621162838887,0.498518343030414,0.1726353133818005
0.45439235868161165,0.44107053365095195,0.8094959323373665,0.9213033533492438,0.9572865138508293
0.487042489966802,0.8509898004970962,0.6202031524844649,0.10171016148698442,0.07286362951885272
0.6050882349810539,0.6816604221413469,0.6516368936895707,0.4839185691413008,0.5926753853979867
0.6630879300187409,0.7035253818369149,0.14395477515697175,0.47603632580432287,0.33111517598496354
0.483534932647106,0.3934094720318494,0.07288126498836678,0.789952481701463,0.5219661796829537
0.8746663834568011,0.043179288565247886,0.09641276554418254,0.12609748416663935,0.870167440375743
0.5068045183089451,0.7505807097585564,0.07719816563690207,0.7461590418158296,0.07752185271693735
0.91034746833786,0.5121535927788997,0.9593863851254859,0.6350823684254674,0.6016301942876322
0.16672768720943854,0.6320838156325421,0.753926832541301,0.6103778506995132,0.6892759928356469
0.8841600716226939,0.6967114701291703,0.642648034591208,0.5275338124416667,0.45537976730852525
0.7127666984926302,0.8280527609267975,0.728463684360237,0.10014740616481788,0.25630250947764355
0.6138045061167683,0.5673340113991863,0.9175776971906529,0.9833443405762319,0.8958213325001098
0.6058215609886954,0.7194257953692702,0.8486972812514947,0.14629567066295335,0.3127903294788523
0.025023279602721216,0.6239965952361562,0.9193255925330193,0.004766770503452311,0.12627482348596997
0.2001017481263614,0.7792562599535293,0.3699385315580067,0.19804399455457788,0.37237782522882146
0.25629944672062444,0.2504648401363244,0.5658405668191108,0.6703993585811402,0.24936220774480922
0.549904262271592,0.029784766274686847,0.9724085803308827,0.10250203132269853,0.5589130408847602
0.9970385015817391,0.32184433664866163,0.28712543414669733,0.7383459336540638,0.46572294954832105
0.26657028620608525,0.5728629677355069,0.8270819478074649,0.6691611195823589,0.2400904327747717
0.6678109701442215,0.9298814268520011,0.19713702873232752,0.6517737772309705,0.4995798066364435
0.6633482919742058,0.1377223520665406,0.2328475094412411,0.3476205174123508,0.8396027193421902
0.3843305478533994,0.33742637182545154,0.7416183994652346,0.1387263578968958,0.31998870679321334
0.5508172821744919,0.3463686299424268,0.597928866784443,0.6015095286570227,0.1412984648961162
0.13342450254993787,0.7842751122699121,0.4173650546221708,0.14914431293344854,0.0764072954211118
0.41891144615513276,0.842137700775497,0.2051145443453274,0.9950251258780822,0.02086995991087426
0.5935422120272519,0.6991248890263823,0.5322725467384409,0.25916584118219943,0.31644711744079623
0.5538703027888789,0.8953465290325702,0.41973420775343995,0.344832499896749,0.4003758545600228
0.9993294450700868,0.2664846814950601,0.1713791489501445,0.8928666749942002,0.1254680866795439
0.8394367542099898,0.625254904032277,0.9579625752604859,0.3177752523104158,0.8556596144186238
0.08749165148545035,0.7823405096722095,0.32717197543156695,0.46057826520793155,0.7970584305855577
0.6349029733360152,0.458245426499851,0.29260056092097897,0.755423858246894,0.46582609010973264
0.24464798640320118,0.3921013226640979,0.79595791388347,0.05862386401415898,0.3222380178419001
0.7273907992093898,0.6126663664927284,0.4394692545582942,0.15571641847511974,0.047594733854374294
0.40107118931802777,0.6882981130083796,0.2678640746847947,0.9020586701743084,0.619505328778598
0.45523967110372376,0.7547073805063674,0.29967618454605727,0.8939624146462238,0.3674880928457559
0.005268696430489217,0.9785481359387733,0.49608241440636813,0.9035926690298103,0.10903227274256577
0.19990550919505923,0.4837186092161879,0.895416051085589,0.09202912533457619,0.5384887406456191
0.7581102132778534,0.3904105019818678,0.44532224368411344,0.9337445566391465,0.5370340060729926
0.6900206618218458,0.6729629852378891,0.8972496913853464,0.3414593373018703,0.547177166734512
0.21359730256434228,0.33280630653041965,0.8218503457322515,0.9637206652475667,0.3279272456631216
0.7617042255729866,0.5376210021353056,0.692591095940477,0.36638588173165487,0.3533870868897252
0.20623836578307164,0.5014521645549052,0.055788044527334324,0.8603218364017777,0.24401480147596033
0.6337567412572401,0.50589803667509,0.34741877421065726,0.9438275748034729,0.8489557630222
0.7353567493742419,0.11834502348279974,0.4623555726475531,0.6510765314770858,0.09538320462855643
0.695803306335027,0.8164323073437371,0.9491989410664684,0.5020502190489946,0.02872410726657515
0.208032020875753,0.8052614534659811,0.14837454462744382,0.6223003989945824,0.6532039850357549
0.4445405299961216,0.7851821529136148,0.12286583154046749,0.6200836926563729,0.38048248786628813
0.8575341710362363,0.3962838696484329,0.1888582254484935,0.3444730126435934,0.5249710923754028
0.08015703970301835,0.8637609242808828,0.6512163020395401,0.31274318014360525,0.6080953749047696
0.9837173621529881,0.602806025375859,0.40626034952230383,0.6814452507902187,0.7562619729336477
0.6866540641369818,0.21107646435327942,0.02092802950008188,0.3168860106069987,0.4347059071736197
0.8313253254825987,0.08834538299015338,0.84363453187999,0.05948240385522452,0.3139169746116517
0.4040353967081055,0.9316999046762295,0.9490534006152023,0.040684929541467296,0.19594653297780562
0.44821739338827593,0.2724080579377418,0.9533629199014532,0.6121704226816566,0.3265558120254163
0.5997132013755754,0.6744406019819204,0.8566196031680934,0.8875282659771228,0.42123470570259647
0.7583682769120751,0.9734983016006511,0.5337797889172178,0.7316165942156089,0.4888617482183949
0.38264789846377534,0.2033812742384815,0.09119335349802982,0.32449789736021684,0.35471552939647377
0.5699827057106038,0.6705203042524396,0.7107809644966266,0.7691532532974004,0.5722732690925042
0.5121530162234041,0.6117079810247098,0.7025300417067545,0.8455623865323072,0.25187816813994857
0.8590350176430188,0.1979716934497434,0.01740404003833529,0.7966777756123288,0.23074207264016178
0.8385336642358384,0.3567405519161013,0.3528519156530896,0.8697235566125969,0.758866743251794
0.058329840985596015,0.9442944985088956,0.20837272691897124,0.6665841686282765,0.940537459721182
0.8423649131793943,0.48828888946187166,0.9471324968197565,0.6857333362291951,0.24994518287175016
0.9642581962697795,0.5672236808821952,0.32233062543504765,0.43453658068706535,0.19397081420272222
0.5735309982805463,0.5666738664350226,0.15962959816681077,0.4148215852814745,0.26629056771680804
0.8955635781250958,0.19483911190651682,0.6083571999723727,0.6401423430792005,0.6036912130955358
0.3731035249357315,0.24461281080907904,0.008258911760532395,0.20468238302272435,0.8140746145258038
0.2780006362321069,0.5339767643871614,0.2975252007623077,0.06424213965721293,0.42145876422753836
0.9923526277827247,0.4017169615339192,0.3335925646406933,0.5729825547765393,0.35856198436230435
0.23604906443607876,0.38171382486646677,0.9002298938152161,0.1427008918096726,0.13107621683473347
0.75412840240022,0.1876429031602581,0.13087558467660299,0.2433991894223494,0.8826557321756764
0.9402868728668861,0.9327172717005657,0.31386362473788565,0.9057657711399819,0.06333547925284544
0.4818548732160779,0.5521513864427486,0.4493334629311233,0.9784870694581095,0.7541716392203869
0.47749612667869923,0.732668730988301,0.762513628948665,0.1122121166057245,0.3223778283915957
0.32752972405605874,0.9432607427734292,0.85353962761979,0.3005694998623264,0.9881485090251563
0.07253142629161669,0.3340084101041345,0.2012370195279154,0.5206958064247972,0.9048589843940839
0.787862448480056,0.037268651838392786,0.2483939652338596,0.7776176461807702,0.28018394492851273
0.8180134375324489,0.6226149609004887,0.6971933002317845,0.7142232759501255,0.5768435574760251
0.1844385508163746,0.8116794773656277,0.5637471803751047,0.7216558403554068,0.026220841411233042
0.1815952279136238,0.5653220224228446,0.8013296624771054,0.36135831712325905,0.7512741795631055
0.001511099675997385,0.04463858553245037,0.6885146423045823,0.9873227326317688,0.3157497601486302
0.3361602477248594,0.3401363031645346,0.5798610781579864,0.3944772550239074,0.3641449535724629
0.7672225554113061,0.0018973234756359814,0.8706563318269797,0.7410685488215494,0.956738274373778
0.8411453632389609,0.7937186462826888,0.2928742705094928,0.7807861871017779,0.597329264504272
0.3494360606750847,0.8099247722932508,0.48952182353760476,0.9843371626813305,0.7216860842531223
0.8798151662883528,0.9013934184076285,0.5849826517801958,0.8926351362017584,0.5974566886442341
0.5114949705028182,0.9950596286010455,0.6960727199582722,0.6906054585444906,0.9883174422518913
0.6290536124129754,0.002843950876076473,0.6762613666395543,0.628805262370597,0.7277565788338062
0.9747138302606758,0.7370686009490253,0.9944368588126534,0.7879613488767024,0.9799799450880547
0.43524602112605004,0.24621970639736956,0.5512716446362492,0.8883634638086634,0.8596399773385732
0.6699459836320698,0.40358742730352404,0.2751735324415172,0.025133112608780594,0.4174852382820756
0.5032293194637125,0.9820865307784337,0.5675088162973507,0.5785706081044654,0.4657008450615039
0.014541948154796147,0.28667249980122567,0.6574369579143913,0.7081781351009376,0.9504692889596047
0.4815866242489204,0.6882908308608134,0.7966464971852282,0.7583717279037496,0.1257482724914134
0.8904772208697341,0.7530585741010946,0.6694378381370026,0.1440391349224952,0.9432597864418455
0.6799317001866851,0.19043399758978063,0.5853884258571345,0.14821054867324324,0.054990556603296215
0.711672280108057,0.7372911121274354,0.5153634855915934,0.14973401216146343,0.3269158442284803
0.10474902448260381,0.22674408563815662,0.06588016286784726,0.6631850607431226,0.7783575300321384
0.5173297321992851,0.6605973821065972,0.15031971591483906,0.9080357237636415,0.594170364742528
0.12453436438467014,0.5341011500782106,0.4586938355527522,0.8680566353924268,0.7497013937868622
0.09717650206240735,0.6480454362681002,0.053354110606905314,0.49580969874846637,0.8358411802982805
0.18831620468173615,0.6472727766315428,0.4062784703202368,0.11506233930326026,0.886278466879139
0.719717392129988,0.26706999342698623,0.20084678425402747,0.35745722086491716,0.7145895577642546
0.9155043340557261,0.5152656652460352,0.0033211068503237184,0.013614716206702071,0.24486879256007632
0.7832636936603788,0.1680865026213556,0.5762484022169473,0.02902760845293273,0.3225154603522171
0.6602777086962752,0.680769493323236,0.017874558968005494,0.17581501207987282,0.23072001367987838
0.2561764252936205,0.3586741332793125,0.7858803782803649,0.1035782775907923,0.23046534108129146
0.4846191566025365,0.7800179803014267,0.7707358390984347,0.10879843940410305,0.5349206083065752
0.6492146636736628,0.43583607056415097,0.8525419187487833,0.11006809017489516,0.560538330207964
0.7162823020163984,0.9810596564836767,0.00982892435050775,0.7236372851011038,0.340869014688564
0.7452090071163803,0.5268662255564516,0.780048516633561,0.16473645530919656,0.9146706502277758
0.387738907925268,0.8034928832759645,0.29272539748930504,0.13504887465202398,0.34302969233434366
0.6747268587568953,0.9198761052379782,0.4969629227696335,0.33371382885546763,0.9318564737995221
0.7404503272168497,0.4521941731510094,0.6527449044819424,0.25471339792338243,0.49789536617877983
0.4002118176859023,0.24569880973066538,0.08848018900091126,0.22821672808824245,0.7989869348553933
0.7598568223858567,0.4381812772836583,0.8809598022292128,0.15804493538182263,0.734296733066163
0.7628249684074488,0.06712754905032092,0.8657596215511172,0.7741793909266473,0.4644648187295731
0.49445758096009096,0.5841859991467703,0.4786468981222386,0.05463103640092848,0.43116176002439754
0.8649198849527623,0.5344369408134582,0.2446664688472533,0.9079682855903768,0.42648135086679473
0.18401506174460958,0.5954768454115662,0.17416378946640954,0.6239159239702334,0.6773505090012755
0.19250641574240446,0.31454951215164706,0.5879827633198866,0.2199968875546472,0.8216060208548447
0.7313605479597429,0.1753722489683962,0.5890966990268857,0.5726833081686126,0.373425821277352
0.6570307770842533,0.42958326416638526,0.4442787997024119,0.39417652847487417,0.5739782658188535
0.0010995060206959728,0.6009362721528472,0.11967672690243125,0.2272256281348568,0.8132112076543976
0.22712091020883873,0.6204444806664243,0.25320032568756823,0.9955475988316316,0.9819003298464372
0.33195343662338084,0.9115965701823704,0.9106730240843844,0.2041217838706637,0.375614368492742
0.18839136752950847,0.22860769143952464,0.5264186975033606,0.5022024201939981,0.45174404840702154
0.1988425359269822,0.5334470083837027,0.9465228222593894,0.35985657664351456,0.6875085935125504
0.23058486409539092,0.7524222674050676,0.5760673587058992,0.9176117036851986,0.07797704542469541
0.6565628070931921,0.42143964896377895,0.36948501919493804,0.33310855485150714,0.9024353425502792
0.25259829385485577,0.6315549705200493,0.026225563097496685,0.963383055914353,0.8020089126891153
0.6895176095094853,0.5188250764168463,0.36001806913031764,0.4356878448106768,0.6592332777445649
0.5087363601228285,0.8935611507104475,0.32480667024187526,0.8631964970533305,0.3008923045130476
0.1450081108664728,0.12724081861674552,0.2657042960080752,0.9170847103255515,0.8004267722022276
0.735359158616679,0.30648883292979834,0.21655127083830705,0.36170068458229687,0.6680859350249452
0.16230554726285773,0.5283713527733915,0.36868484019389314,0.7597488783603379,0.6440128135463674
0.1492516698126498,0.3089605431868623,0.8079242578893719,0.88713582956034,0.5110820551082127
0.8271277667442157,0.21060674513177735,0.40605291044999936,0.6434573106905491,0.027746689740204555
0.529564191491826,0.8527474465270225,0.2100553860840324,0.011780305221599119,0.6476687715385542
0.660601102783049,0.24266178042476938,0.3264185384664503,0.3440084990646026,0.08333068673004684
0.7441432140003077,0.21435967574839276,0.771882568704809,0.6513828469739615,0.10371547926419
0.7479625532348605,0.1437834718938965,0.6582683080599799,0.07760323446029194,0.5806700072857421
0.4442276225683255,0.5241492406859909,0.7486162230382213,0.7382911464745712,0.04549529549152964
0.16329088018957938,0.9820127746510484,0.439321529387509,0.821666825324104,0.5507059876845632
0.7732527274935195,0.07079456985164745,0.5015796636298949,0.7523659835401623,0.4152650555270776
0.7152719233943527,0.8310287682688313,0.8143374457223412,0.20540906236599954,0.9072917535378806
0.5822440903768461,0.18338008085040725,0.7926427554938709,0.25435797147794315,0.3328308033209342
0.4162914898695146,0.505417020430701,0.17241395207844035,0.8500105479556409,0.8198364492115067
0.3049361175885812,0.9702738234261186,0.05894494707419873,0.12220351721415401,0.766027049340301
0.2425473895961796,0.20860076015352413,0.022395235464527707,0.3290133757146849,0.07503574965130277
0.6377405236440794,0.006244298300230988,0.43660205341244895,0.8855471675813215,0.5646407509948345
0.32962564657665383,0.10837668222848751,0.9543148520923155,0.018350557017962066,0.4997374991566842
0.36856701976590833,0.7688226281705505,0.5903172542570171,0.938478230134622,0.9519083497103799
0.7272419251008427,0.47649516524161206,0.5338902506524582,0.918865129534912,0.7360152458819176
0.7487557633428601,0.9397830989757907,0.3727683421287561,0.8303141360403207,0.7537685145385903
0.3836948936294252,0.7550517108177135,0.10692855931417933,0.017887360950248676,0.8739038639105912
0.9771598826040533,0.432770893979633,0.3897594352399848,0.2267474131233599,0.9368186364388487
0.2604192133838108,0.6460637922066275,0.8155959340628633,0.45294749420868474,0.9578483303186579
0.3656346019528707,0.7765458997224517,0.2142406129585085,0.48108323021702126,0.698710708960304
0.2528512992342775,0.833252140544753,0.9401862155049716,0.28910475950397785,0.4941741399753845
0.016841873939565155,0.404321804680444,0.597470184155993,0.1618645066568678,0.9777448914822547
0.17548782826260145,0.5059361627184713,0.009411170765792454,0.2981592416535518,0.8036250436038384
0.408059491158005,0.8569395458998627,0.8194458143887489,0.4341522602520984,0.1558800210298451
0.80964235728121,0.9208985405839408,0.24384577940363072,0.07508706625036254,0.844402023829815
0.608255960354803,0.2597921143757653,0.17234946479139623,0.4969614973709806,0.9271264206935038
0.16715967514506924,0.7222576056488013,0.2530693227889753,0.591681750992211,0.4454292935550279
0.5664153992927531,0.13518072383714064,0.8629812004219762,0.9846683599956737,0.4968467810199423
0.4032157928787442,0.7901308108140804,0.16826407674099686,0.07029703168831958,0.7162417094119982
0.5464557800435283,0.631920957338315,0.028859078166547647,0.8634398595353865,0.6675023467486715
0.11208146908490646,0.6609882532579636,0.9800450126513528,0.25730074996594576,0.9438319162747981
0.9598100029126321,0.8415503873973679,0.4886957908615289,0.44616037150102494,0.36189066946790927
0.7859099163434626,0.15088887390425254,0.5330052551341251,0.5465994428688861,0.931184539907408
0.9085633711846468,0.4826767581526693,0.5981154142674036,0.7068694154417149,0.5432586935387147
0.2833567657376571,0.15905095552059356,0.562796864078409,0.4368465920697444,0.2703710522443926
0.34456255484049936,0.04245122656874889,0.5550540000393119,0.07627251340585572,0.10644702905166148
0.7720996348182156,0.1086876124132925,0.6985212511238523,0.4895603729986635,0.24320247391695937
0.5709092757155864,0.5220519616023895,0.9104887805124074,0.9644715457392122,0.4649978476601324
0.36472970269550586,0.586231298468954,0.11224511045886698,0.5277815147530346,0.10002384935430186
0.2752027880784724,0.7580979852005911,0.7703420140304397,0.47710312281518674,0.9638233042249877
0.1517368119504715,0.312730978648199,0.5924681994278442,0.4458592209539062,0.6483127392252725
0.08859801087357,0.719210401123077,0.16286955224570054,0.2703739753756479,0.17961581362168655
0.7204169443732954,0.039752621913291764,0.9770787182869247,0.3735277979326205,0.2326609737746057
0.3262792901753898,0.49570046919900035,0.2301204642886293,0.7617718108327041,0.7553216538662049
0.6291024229861011,0.9060776792161181,0.7222142652669432,0.16039588027522356,0.26442265478621785
0.4765153791257034,0.3093486126033256,0.39624723355880975,0.47454905983419515,0.7837535006335206
0.5437955331831784,0.837728037940304,0.6080084510620173,0.007482989006635354,0.98769554747411
0.1468257633024168,0.39559359328390353,0.019371744285782366,0.5249750183084355,0.6777185422995015
0.28784604355389454,0.9284442600484083,0.14995566404207206,0.9485746151955013,0.7862148968742155
0.15218753404353647,0.10297760943119227,0.06614527913271417,0.5779807724478065,0.25086707464718283
0.9711725416144159,0.1153682809758001,0.8077092590826931,0.37556424937966126,0.014439376488238231
0.7360431423479413,0.5874545654429705,0.2296454101239338,0.3555072909008635,0.15005347620225917
0.1346814659415081,0.5694468205603906,0.5394612676520939,0.20322331610268451,0.297392966151931
0.9958395758361014,0.3530872785139022,0.4874592936383918,0.1593708877050446,0.024593301523855415
0.6121145630203598,0.24113611924541078,0.7431538094580915,0.23134249953179753,0.36878584700810013
0.647474059012068,0.6914728464473595,0.3439301423655482,0.7270206448717695,0.5626312659044186
0.8150558627897271,0.7573874990326407,0.8216212533604369,0.2643942427687168,0.08128439146759336
0.002812551520409712,0.33033362235389196,0.4139199263420287,0.26539132087335393,0.16011740479704462
0.4272251780958152,0.30557263445252336,0.03201533000721257,0.8369762887212541,0.5197501794293687
0.17509702146990513,0.33002263134626897,0.5760362248581363,0.09694882382631931,0.519564188152458
0.7365814395043399,0.16409385845946545,0.5089249450329945,0.8963113327642235,0.7036004167140414
0.44710685871024125,0.025312122612248134,0.9310125246183989,0.9817553365496433,0.7839432355037204
0.2292814722242481,0.582650190561216,0.8039168454503832,0.5313415422100591,0.9700868520401764
0.5964878440757992,0.0058479250301192165,0.29723802476127237,0.9957180749798917,0.9808609807648452
0.9228839284964562,0.20559593449182323,0.25413046316665233,0.6052051055162001,0.03473055653946011
0.8910605649171967,0.4898222615232948,0.7309845269517122,0.613487892521466,0.3608807961014908
0.9029331723134904,0.24445973057686965,0.5122870523124959,0.4207244342077979,0.718430219836395
0.7073309247288844,0.45120345317454924,0.33047451540521955,0.20856514699552275,0.04681564648671388
0.44009697413223114,0.002770748876713802,0.3530798274220165,0.9685130993843479,0.6524962980553233
0.4137568934380461,0.9444241982557472,0.9951681758729682,0.7766363774811941,0.3042397340418901
0.8858612863097111,0.7909105986787007,0.6493130264925033,0.46880112086779147,0.26946451906515
0.2977569971881666,0.5180289665059054,0.504683425393876,0.45249482718836254,0.7955213585833317
0.24941571170767385,0.12328464345199674,0.17141276944752937,0.6199604974189209,0.03196991358769696
0.3117150384543016,0.17055620089983703,0.02690758169827412,0.9433659907014798,0.36396379186314654
0.9009934360338452,0.4815415649064567,0.9700697870642667,0.13909511609358005,0.3711474992270587
0.24859282044083242,0.7489674795633754,0.243068905383798,0.559646146207392,0.18902526218794646
0.0667777509546078,0.8896086063728961,0.7715845363074347,0.793848718217989,0.997121587650704
0.8507454516695238,0.06982085060115317,0.2827280117148413,0.41336003731187465,0.948877164322442
0.02074739261345193,0.7386301517627617,0.06575557155380474,0.17247323813879056,0.24580166888309485
0.4447404371481031,0.9043044346417279,0.8581876150755755,0.3163504979290923,0.9846100205746177
0.061187485192412794,0.05896266949886053,0.48101590814310313,0.34029872431226305,0.8697357673962143
0.025413577504813656,0.883479869319154,0.2825564781886545,0.7901812238297766,0.016330704341615876
0.914861297426152,0.8268821856704676,0.5832282528350412,0.8322303066890802,0.8017838808590653
0.8549521188970622,0.6836155903391428,0.9699867295065877,0.5774635763581734,0.6976785058831594
0.4755020708130303,0.9878809744283459,0.022362015993479645,0.7374262266396187,0.24241191117977645
0.6732472313435854,0.17632377025783363,0.3423572737646009,0.6867979521633134,0.40885618357926223
0.6644069924690609,0.6460420034239287,0.11425213130858825,0.6937659566211051,0.27867033316705003
0.4247564353402511,0.5132769494305847,0.37944921839468515,0.26388889688286665,0.1622587283243363
0.6267091299254464,0.755211115350371,0.19119268501162867,0.6034436706964691,0.1313314484698821
0.6441469568223648,0.29844516170153057,0.35847590105068416,0.6710105392537737,0.46393659772497886
0.4494919496752663,0.30344249286318514,0.813164218907417,0.3037161805176173,0.6484482494698619
0.05947546200291787,0.9104349323822396,0.9662503854351671,0.1832431855656359,0.44127830513229205
0.10774521421621586,0.41385180766587926,0.8681467171736691,0.5936157201614207,0.1374866523785585
0.9695049914649033,0.5574072027648428,0.07435129993134593,0.3656205817843782,0.14576823777150483
0.8831562317326019,0.39155752041031355,0.49968341715154563,0.8403182352087532,0.5676871753712005
0.048514643281326375,0.07443408208120428,0.17359909503133297,0.6746127953751854,0.6173551011499283
0.35769895547161445,0.3130958016023563,0.08017046156632235,0.06966277452294645,0.635071708667715
0.795133914834749,0.5022950221932507,0.6887652913594874,0.44751141695227525,0.05436486116162953
0.0023173082760210573,0.8013629851642854,0.8671264678088251,0.9837123515162454,0.3074889894684516
0.7336904439558373,0.7401799380491026,0.66557761091001,0.8206820067670513,0.9555110303843952
0.20169374260171236,0.7282764762437983,0.4133481714848183,0.8272764095600259,0.9124540391159076
0.9413706449534741,0.756773421836036,0.9195478578556326,0.11803901593651944,0.09390567110333015
0.41684530028358047,0.7201959209978201,0.8069608192177644,0.83701557257364,0.1315596738140966
0.6840306458622719,0.5541319269907252,0.16712673390806243,0.4744302721550271,0.7751341800250993
0.16520153062901966,0.8949914401688484,0.16428073172604785,0.08174008734244254,0.3633137593133413
0.7783149018875988,0.7751121528484021,0.8649512574021945,0.1795939124264615,0.2179656399430414
0.20590676894672122,0.2072508461245155,0.4225651886229077,0.9950205670598874,0.6773457945122148
0.34002181112414276,0.9600032591801155,0.5623353630201824,0.03877964112324661,0.0734110565112216
0.5540198440241105,0.19422914773024547,0.26912364178609915,0.3726920891125626,0.5965168189934038
0.9311811799641132,0.0881657184196053,0.9230416559880869,0.43021561871150216,0.3108397354404224
0.2886336488049336,0.3567290443841551,0.4202960727565671,0.3963328163675933,0.8466313742088406
0.3390290642298579,0.2397099013928271,0.931807952542835,0.7785926475138547,0.02828327229810379
0.5555558470045989,0.6266789603191016,0.14811129935931822,0.33281712488522563,0.1808515939159162
0.08530880103197136,0.5123216463700507,0.07350610496366694,0.4609706590054883,0.47820798458825053
0.5968266141821834,0.8546389685055563,0.026613926932310683,0.1782386677946558,0.6677602742557743
0.42785475219971203,0.17973767329654944,0.18973126149582298,0.18742611441049606,0.9207553400871988
0.38085026569460934,0.5757449979056725,0.5714948980937502,0.7551172332463393,0.48195158002679794
0.3860200906343868,0.7135664344337941,0.32503613238130247,0.09817495029101686,0.9975099312565491
0.9329454292533649,0.45679684924261477,0.7227628795232623,0.8171156611338728,0.3808306411814468
0.1811259103856646,0.15946546837044606,0.8776244543271318,0.9900532203038735,0.4488041935491889
0.9792814861350978,0.4736407666302326,0.4527202780479238,0.26854883110651506,0.5674664114000173
0.39056786006949973,0.8671029005564895,0.9517088820269637,0.7134084047142462,0.43767140793888093
0.366013184840549,0.9714372780977508,0.6798693914892724,0.6267509939326439,0.0005776374550090502
0.9855769009696002,0.3378614996659507,0.502443086416604,0.16531049256553976,0.9652079791161021
0.8825422459401617,0.39585119277605896,0.797284613885853,0.9970890641234826,0.8711001569924656
0.10274921173969909,0.07955774574207675,0.34525513984349754,0.4888184039467476,0.233255096924732
0.15834461070890982,0.23173442230594088,0.9577618542619916,0.8096768073887063,0.1552422998952926
0.4295726882772104,0.8441080356682956,0.27318363274386304,0.5214347154311446,0.2885612402824016
0.9288571930143148,0.5112498868945886,0.3078947983590322,0.7372995261962512,0.23590345277532698
0.2560437615468484,0.9258651527310798,0.8912035315717927,0.17531648627241903,0.09966153282571089
0.8797804583277994,0.43179668104187086,0.770287888275838,0.3489584294627953,0.06184241255335032
0.1234252346467416,0.4658415973790051,0.7442821225003766,0.9118790013015179,0.31062738146742397
0.4214357674835405,0.7128749469720249,0.6909667335764789,0.7812398307781732,0.7483062259386267
0.5280848017094769,0.7568118877536387,0.44709950645969454,0.7800729318643025,0.4601883156062394
0.1108306683629301,0.8095969693893075,0.15814965467124287,0.5438535826555452,0.7331598962164328
0.6301988003373424,0.5608475304829407,0.9767861935986918,0.26382546027512976,0.5011602378761589
0.7431357129018018,0.9806435306754819,0.236573291949974,0.033999065597124845,0.8077625239220251
0.6451874257097633,0.4466815829203834,0.9131338451853167,0.9779948174251712,0.3730129834567142
0.422937360219934,0.5604348469814705,0.38614428874786266,0.4442012304821593,0.23555471541855588
0.8350746402809662,0.4454757412497351,0.9048633170944608,0.8213828345169987,0.49652737438219696
0.2010310498905029,0.014523083444499818,0.27961056015254093,0.8110893334924618,0.5541271758293593
0.7701358581068217,0.09914128132093392,0.7541355032423852,0.9864188841774588,0.026185108954752234
0.133480042503479,0.8542877236032171,0.38150788975633365,0.3215671568936649,0.8495978256063751
0.880630830534899,0.9926402730703492,0.2505788273321794,0.5789415163368271,0.0989124103067941
0.5042120674490675,0.8382871450491256,0.33282081526831175,0.5124137323761472,0.6662373727161137
0.07147782035065087,0.28822823619439764,0.367247518453371,0.9159309791679524,0.695659282006979
0.6225325551029381,0.2402425742070886,0.8537774097742676,0.2260397003655038,0.7699538004241888
0.2730048928041042,0.9476862460733997,0.05357416437092166,0.11201575011019538,0.8931143938634726
0.16539384116595346,0.5863366537040758,0.35908010874940044,0.5777312131999626,0.6136732382708351
0.47416667946547786,0.49699267916550194,0.7374074320807685,0.1827230417798198,0.7004510887969624
0.031252989712481694,0.7885198501833925,0.4059230831928623,0.6827914284985696,0.1490275490012607
0.9621033740169976,0.9222547882344182,0.8756421548342775,0.8159247159264689,0.7506071387811165
0.020524306804442283,0.4690282597810054,0.20883876483481179,0.0736723675844505,0.6970058280722897
0.992668739765081,0.9725278401574735,0.3920653640371109,0.22924336129666745,0.6031535292704164
0.1356803832328658,0.817909254887403,0.8956405777773818,0.6124785975500688,0.8834924749526499
0.20217301160497092,0.8779349794018783,0.319881780682431,0.5115462850533905,0.9221274273652253
0.5045189261469879,0.800936069770197,0.21444935545485166,0.047664345736327274,0.9435438943348082
0.9191399430845278,0.7844055943319436,0.49617055607511784,0.2311902853451795,0.04070577229022021
0.8574825809671444,0.8961512329288109,0.2418412969325583,0.6558627092647419,0.5054096609302778
0.49169352327537674,0.4822555932676692,0.5125523090689886,0.06570745074369111,0.22516531731878608
0.23608165157353767,0.40139409221154576,0.3865354106996204,0.9811361770668093,0.9255242934651722
0.6976638337023896,0.37023314466850954,0.5636547159482558,0.47892668504395186,0.36955358929571547
0.8546662647152387,0.7734673001437224,0.7139206756103273,0.37148797613635154,0.40357316722551484
0.36055285941417337,0.6880946795002404,0.7362943261090316,0.8085973389888328,0.566819857478184
0.29716610390841247,0.8011054827012936,0.6222031747979068,0.9632432450602926,0.3729483145944933
0.163507545580047,0.8378232829470992,0.0017878820632414305,0.15973703539256867,0.6090128118727164
0.6905607136732983,0.2526631693023623,0.03312869607044233,0.5542550737421221,0.7793068339554351
0.9914096347769811,0.31041752911441833,0.3062512981978387,0.7070437683198005,0.785547436854187
0.2873648124175099,0.11033763149996545,0.2507492702011175,0.25011791916201065,0.5131286544692645
0.19335731373494358,0.07442891271175878,0.9653642931453571,0.606404251100246,0.017252566436107397
0.7150100331386859,0.18150760639850616,0.3953252674889127,0.548917407110031,0.732610606248125
0.9631442448023401,0.2511760419772331,0.03986997498434286,0.20012209895789324,0.3294816300450689
0.21716221068881414,0.4224593392534989,0.4277656399785478,0.9482839356849168,0.9499514127496378
0.43754998801276845,0.3634350009752001,0.8841439360916326,0.7009839662295134,0.8874009969706431
0.42317950129271187,0.021768158366012424,0.29863652609502145,0.2011853568186116,0.6210141096308273
0.5902588005119278,0.11031008738824588,0.801351455944445,0.6810799845311873,0.41407986699310506
0.43832462019307716,0.46730143023137394,0.68325979134323,0.4869328195802364,0.9013491906541387
0.6274789879248193,0.3622370218222912,0.7771254559696565,0.5797105667885047,0.18852050871697967
0.6639115016066358,0.8963214209174659,0.4613457948310613,0.5790716600235074,0.07426842333647654
0.05609424637955196,0.25611458545546295,0.9504007602277521,0.10531902171632213,0.31783670080723003
0.6579947563951273,0.8929070550196633,0.9589475458191408,0.6407358960821443,0.04495733915545941
0.4396421364120915,0.8985412897256116,0.3069038827846815,0.005704777423140794,0.9237976898483169
0.8905897329892869,0.7282520040083353,0.16670107626615593,0.7179016801184277,0.1254241546858157
0.24883266019977845,0.024098967978125052,0.21519493310909998,0.8871494272964368,0.7467256968864291
0.6769680143605005,0.6017664220880995,0.21847720214378952,0.08671213412031109,0.2534015980394989
0.8587044178700448,0.5164748236246715,0.07033549819135987,0.2839642619380943,0.4511663582865575
0.17604215994043537,0.107073631132803,0.4895799885486988,0.8757320413272762,0.2314302756169333
0.4345835319374449,0.7979095122812397,0.5652384194174521,0.6310274519373826,0.7149259388703607
0.8143406425552877,0.0534254807367448,0.5708573676271126,0.08687311403215114,0.15988246936451467
0.05148834703187399,0.17506359067039734,0.8735519917673786,0.16924632762743563,0.021570005789566138
0.25415201891406003,0.7692968475714848,0.5298515086876086,0.544422753407547,0.6604789629793617
0.31322993875277605,0.7894647308137106,0.49318899403807503,0.3085321781141259,0.26215452055991817
0.9828212469994768,0.7869541040520186,0.555965735047583,0.5132959522304933,0.607205474173405
0.02424756511626036,0.08340240207797867,0.648273589593691,0.6728329285055129,0.8893127283849191
0.6158587852967059,0.7425616412009806,0.5653557207633693,0.4017187095633299,0.4563981959648843
0.9537516234666251,0.9325529959590491,0.883094728757007,0.5729576883579852,0.21399118268483308
0.07848306461910426,0.9098922623705513,0.1029244348117555,0.35566650944402056,0.8131166888797254
0.20633618481214666,0.7973473655002705,0.23718301649895002,0.78462036253681,0.7115507706111653
0.2861624109915599,0.3372853301185331,0.3626180501141262,0.5776089323820671,0.9065975644490908
0.5462087901346777,0.4163948135615645,0.3910410516546755,0.17537839193840798,0.6699286627429831
0.4958797263983905,0.8951339646141641,0.516015573819251,0.9557461437054816,0.4402211636560944
0.5155808087121136,0.18239690829016186,0.789214490969246,0.028631122016422816,0.17913169389203254
0.3151709395888874,0.8391983021814531,0.611135700540963,0.30721029020825963,0.9149556502008913
0.8315223716452802,0.030916708115407254,0.24214493202031173,0.6972276742676411,0.8703676594816118
0.7421657135322928,0.8838280959899381,0.12577712477198,0.007995048052643616,0.44117759401151235
0.06359965812923374,0.6621120805533017,0.9157406289402225,0.41893350060942847,0.5793336032499931
0.3876948865615478,0.16426995009319034,0.1177581857500345,0.7158908903003895,0.9043126792214212
0.36508519342684476,0.1357628753403488,0.8293581213786058,0.2622349877631981,0.767384961962525
0.6523156064581679,0.3100998574707071,0.5113386980506254,0.3697000494762982,0.12536283979931795
0.22415750796735556,0.5718948949401556,0.780107492778592,0.09120833934214356,0.19875971471989862
0.011475489416514773,0.9839985920720689,0.10651782440490953,0.379944018551887,0.055461209977350934
0.5009578669794609,0.6323537550506336,0.5241681096539823,0.6779304418326978,0.21549656045221843
0.914445698511479,0.7680913929091882,0.18962917346855312,0.45292788764000647,0.020004378252334032
0.8290614558411542,0.8962279929796666,0.5237642866658734,0.3590457857282646,0.7994047683654474
0.35443482002954596,0.04680379407809221,0.6644527523125505,0.4064506766223832,0.9970412203961679
0.5137708889065948,0.11604605782585153,0.7838597908938263,0.9599610471274294,0.12095305138412993
0.3208647457704239,0.4852474206614269,0.7070763884156896,0.7032339106707104,0.6242464976921867
0.8638112711991521,0.7364388534960961,0.023161539235890483,0.9696105916038522,0.8286054488992606
0.6745922777697818,0.7837873417066856,0.8254767501219813,0.049692621681895366,0.6352696223481675
0.14131961083798372,0.25751637973635233,0.8203657938194138,0.5480949774095565,0.3007502328105278
0.19129674143752073,0.47827088720405564,0.10604726408731735,0.3839348178101696,0.8575220486655466
0.3708533676651372,0.5169884419768292,0.9489080726226001,0.36265832415371624,0.278156034506742
0.4163139727857136,0.38872122791031627,0.9602013530305444,0.013728287536661776,0.15080720223581134
0.7835069531527414,0.002697374007186726,0.43700832192764705,0.6964619048617101,0.056607151883302675
0.31755721455296626,0.27896129777004297,0.5121058535920177,0.6225179243646392,0.7615113244405654
0.0967477709593082,0.24326941929391965,0.7586462554351865,0.8728522677391751,0.3236394662041443
0.05832517586213448,0.13801054509815502,0.7914786961239341,0.13182273504980668,0.21471765167520418
0.19070244446670992,0.4140170023894696,0.6417358856664848,0.13745098538742595,0.47189890587304684
0.9284457629243694,0.4950691172991162,0.48808498390436084,0.7329837500816567,0.556621405772073
0.4420479450831115,0.8416681330054606,0.1409795887173938,0.2060023305529487,0.9881060621962111
0.2639587345532426,0.07779703722869824,0.1642315620390815,0.9444570900109956,0.18428164108244083
0.5318770060876122,0.7338556100138562,0.02569029383145438,0.28233738545095377,0.7353641798794444
0.2739831788028364,0.35479404892849276,0.5602093775881944,0.8013240673293618,0.314175683819796
0.16289020103342133,0.02696091507146403,0.27422461352850747,0.667477852334881,0.9129936036020866
0.5030324492748878,0.1469936779614328,0.6198148245386846,0.09653205152384836,0.12982285254463655
0.1389598836578464,0.9263407012947034,0.6198555786452358,0.008203925674660328,0.9302927020765498
0.38949712608459963,0.16645652614968287,0.6770211066501957,0.5127966507389661,0.627041375801144
0.44118614565457226,0.22044261313301095,0.005364973059391542,0.6604799709778608,0.48235058384112284
0.4279893335799564,0.6193139734296895,0.498912172561473,0.9167175942397754,0.7306016940367677
0.9281507668077653,0.23311662572709868,0.6224308122060388,0.906894056640984,0.768294099914814
0.3892681060166354,0.7410579143530216,0.5839139779919013,0.29699925746386946,0.737487098949015
0.09902011027402835,0.09792698404358169,0.19581478622366721,0.15103267225187944,0.8707343527592089
0.2300874837433705,0.9721190364571369,0.04475479583907871,0.07398577595172406,0.4205802195869063
0.6227776348808048,0.6319837674096621,0.11220477959774333,0.5294634490682281,0.1831387074802725
0.24264417334976196,0.24813804354640834,0.26986854691802176,0.8677930065372755,0.8036975751951799
0.15437446949962996,0.6847422509277964,0.23027646681348057,0.016422665264974934,0.0656842261517685
0.7517481434390492,0.6772242921273246,0.5298091354511626,0.12993249297963605,0.8005514195731476
0.5097962843366713,0.5755581642538148,0.8183788960856864,0.30201648552420024,0.3122611008373427
0.10277643735034692,0.3339157629228008,0.8136564403760107,0.6242034410640787,0.2644514904711779
0.2743854170859612,0.6507245370517735,0.8469972966022141,0.409164745086843,0.0009013580280561317
0.9470164500382026,0.8829526492717913,0.6307489230221566,0.04134067978091527,0.4494014889636475
0.2936647659659234,0.08459011016053264,0.40667903029703223,0.5084710617013355,0.5085454172669511
0.28050360911658434,0.24689194712561358,0.8144882766207555,0.10948921533100009,0.529286065901697
0.5564340443487092,0.1774909851716342,0.022481913177109125,0.5027514522523,0.5397001745368843
0.155903042346083,0.0045086787119442695,0.5208627486268819,0.018044234371467738,0.41688023008030417
0.7699499949118734,0.8444984375887222,0.5829105118824237,0.6042351304373773,0.1391841602183631
0.5043062681977606,0.23985822402192392,0.825075092272226,0.3851250739639118,0.6257901025337549
0.7589503678298952,0.4375663077251367,0.9333063466823444,0.5283755979799412,0.2729657716759233
0.8583862603812114,0.6689959903167437,0.012906643109601434,0.2580308125020817,0.7577224074174058
0.6614190125259781,0.4787538378096656,0.9509320953463009,0.3402204765112642,0.6983897354124485
0.35104521707739467,0.2690576676670764,0.21147686800022658,0.08972915532262027,0.12613998805828497
0.17694345334477568,0.2987869035209533,0.9576290471083582,0.15675268572059786,0.4422169717335499
0.19371476769802332,0.42414213338192497,0.03071835867088024,0.2731634705923308,0.25265130269726643
0.5327934254251032,0.011429187666245233,0.4923313851189325,0.08833886682738112,0.8695923950042541
0.4254868776152736,0.7643280797642216,0.8324773445297499,0.3157037894980472,0.8056034887909566
0.5459493264434465,0.8151732626911878,0.8000249341635468,0.1582087106717387,0.6555523044143959
0.4081548525551646,0.02849736147210702,0.23377937114791048,0.21102993528963276,0.5525857182647289
0.3565828972802806,0.1773063455071019,0.7880202474042767,0.16318331882881354,0.743349308492196
0.7110998619806059,0.17389513985431249,0.6968106265432573,0.6902878635511894,0.6736224620100597
0.9614968086840703,0.9306467518166961,0.44612972010419283,0.3135354614789999,0.11339859592653667
0.3272790148251028,0.6495235302333948,0.8346279917338121,0.14691819200064793,0.5200851916688557
0.1566665171892908,0.874355602085783,0.9126914798500626,0.08473394319848315,0.08035687613474174
0.835373284544079,0.43719687826616827,0.3611397020531816,0.9834084495140615,0.9065067420160696
0.2406209683984033,0.2614800119333931,0.9243847476244997,0.9308362910820251,0.4411753796837051
0.41870195557917844,0.783402864306025,0.12973299728195442,0.31110665136107984,0.07936324807546491
0.15718364551512443,0.13807647363412678,0.3277356018206262,0.7538478746573295,0.929932672591583
0.195076702823472,0.1772929019706343,0.5469880624510874,0.6684372630547638,0.7730992034736378
0.5410112214251949,0.8953937361657048,0.16527447652357052,0.4657963853057465,0.13353323694150365
0.981228018121451,0.986875058773723,0.6255164748617574,0.8097755819967947,0.5697977422085931
0.9574196446137817,0.7720870425105884,0.5209744724304026,0.466610216478096,0.699911519291799
0.14947113847336002,0.41944866660278224,0.08410884102618699,0.4036272212869644,0.9130952004813733
0.5045523700756478,0.731572328260257,0.08957295499171403,0.04513341931938675,0.21351406993605193
0.7983424032653996,0.2182273572616209,0.14529398215485578,0.7343819073262725,0.5704529853484812
0.16275082234735627,0.5082259516685452,0.23319419227749938,0.3805671416148868,0.5248990059220939
0.9722655124764578,0.38270652000707195,0.15064438755045606,0.6697045255536513,0.8467761925949727
0.8219873781028573,0.25525106046625645,0.8998625159149817,0.13417531816481465,0.1346767933964521
0.7606039235653166,0.7144637199614198,0.5211184075725048,0.6988578141291347,0.285134039485737
0.9418564263446066,0.40219015144202275,0.7716884266306283,0.8864711670354408,0.510095171244379
0.0029455256881345537,0.7717827713092937,0.9520699615905022,0.22455722184888427,0.9843371313476426
0.05506468585227997,0.7292837174484452,0.9148123995161349,0.9566416623313989,0.03582665616126035
0.9273592627788273,0.7393830801142769,0.8530257692883352,0.5855094070921059,0.22634216662740747
0.6550406450243988,0.7267592715074748,0.27720042215864915,0.5257811161697838,0.8089928489419589
0.7760259912467447,0.36789166064890266,0.7026396778327967,0.8811553520847891,0.8553779479251256
0.07768105637464628,0.31362807733267106,0.2610300572157921,0.4626234946027237,0.1934282766150226
0.1660036644190388,0.7576098717940409,0.4383806966837128,0.24894992343751166,0.14771641082124232
0.34275523124720275,0.8063333868008283,0.6178760563412369,0.8193251595343373,0.7954495230082322
0.9915469132170394,0.035662678994652475,0.7059291210333867,0.20015371441274432,0.2334382567282054
0.07894579309494565,0.7563623810158858,0.04504190609204206,0.5648330176997242,0.18392862636715868
0.7657242559094609,0.3238683622060565,0.06586454755904214,0.9351755505853241,0.23485917700070447
